local_code,text,table_name,parent_varname,local_code_system,code,display,code_system,comment
DUO:0000004,no restriction,EnumDataUsePermission,,,0000004,no restriction,http://purl.obolibrary.org/obo/DUO_,LinkML gen-harmony
DUO:0000006,health or medical or biomedical research,EnumDataUsePermission,,,0000006,health or medical or biomedical research,http://purl.obolibrary.org/obo/DUO_,LinkML gen-harmony
DUO:0000007,disease specific research,EnumDataUsePermission,,,0000007,disease specific research,http://purl.obolibrary.org/obo/DUO_,LinkML gen-harmony
DUO:0000011,population origins or ancestry research only,EnumDataUsePermission,,,0000011,population origins or ancestry research only,http://purl.obolibrary.org/obo/DUO_,LinkML gen-harmony
DUO:0000042,general research use,EnumDataUsePermission,,,0000042,general research use,http://purl.obolibrary.org/obo/DUO_,LinkML gen-harmony
DUO:00000044,population origins or ancestry research prohibited,EnumDataUseModifier,,,00000044,population origins or ancestry research prohibited,http://purl.obolibrary.org/obo/DUO_,LinkML gen-harmony
DUO:0000012,research specific restrictions,EnumDataUseModifier,,,0000012,research specific restrictions,http://purl.obolibrary.org/obo/DUO_,LinkML gen-harmony
DUO:0000015,no general methods research,EnumDataUseModifier,,,0000015,no general methods research,http://purl.obolibrary.org/obo/DUO_,LinkML gen-harmony
DUO:0000016,genetic studies only,EnumDataUseModifier,,,0000016,genetic studies only,http://purl.obolibrary.org/obo/DUO_,LinkML gen-harmony
DUO:0000018,"not for profit, non commercial use only",EnumDataUseModifier,,,0000018,"not for profit, non commercial use only",http://purl.obolibrary.org/obo/DUO_,LinkML gen-harmony
DUO:0000019,publication required,EnumDataUseModifier,,,0000019,publication required,http://purl.obolibrary.org/obo/DUO_,LinkML gen-harmony
DUO:0000020,collaboration required,EnumDataUseModifier,,,0000020,collaboration required,http://purl.obolibrary.org/obo/DUO_,LinkML gen-harmony
DUO:0000021,ethics approval required,EnumDataUseModifier,,,0000021,ethics approval required,http://purl.obolibrary.org/obo/DUO_,LinkML gen-harmony
DUO:0000022,geographical restriction,EnumDataUseModifier,,,0000022,geographical restriction,http://purl.obolibrary.org/obo/DUO_,LinkML gen-harmony
DUO:0000024,publication moratorium,EnumDataUseModifier,,,0000024,publication moratorium,http://purl.obolibrary.org/obo/DUO_,LinkML gen-harmony
DUO:0000025,time limit on use,EnumDataUseModifier,,,0000025,time limit on use,http://purl.obolibrary.org/obo/DUO_,LinkML gen-harmony
DUO:0000026,user specific restriction,EnumDataUseModifier,,,0000026,user specific restriction,http://purl.obolibrary.org/obo/DUO_,LinkML gen-harmony
DUO:0000027,project specific restriction,EnumDataUseModifier,,,0000027,project specific restriction,http://purl.obolibrary.org/obo/DUO_,LinkML gen-harmony
DUO:0000028,institution specific restriction,EnumDataUseModifier,,,0000028,institution specific restriction,http://purl.obolibrary.org/obo/DUO_,LinkML gen-harmony
DUO:0000029,return to database or resource,EnumDataUseModifier,,,0000029,return to database or resource,http://purl.obolibrary.org/obo/DUO_,LinkML gen-harmony
DUO:0000043,clinical care use,EnumDataUseModifier,,,0000043,clinical care use,http://purl.obolibrary.org/obo/DUO_,LinkML gen-harmony
DUO:0000045,not for profit organisation use only,EnumDataUseModifier,,,0000045,not for profit organisation use only,http://purl.obolibrary.org/obo/DUO_,LinkML gen-harmony
DUO:0000046,non-commercial use only,EnumDataUseModifier,,,0000046,non-commercial use only,http://purl.obolibrary.org/obo/DUO_,LinkML gen-harmony
behavior_and_behavior_mechanisms,Behavior and Behavior Mechanisms,EnumResearchDomain,StudyMetadata,research_domain,D001520,Behavior and Behavior Mechanisms,http://id.nlm.nih.gov/mesh/,LinkML gen-harmony
congenital_heart_defects,Congenital Heart Defects,EnumResearchDomain,StudyMetadata,research_domain,D006330,Congenital Heart Defects,http://id.nlm.nih.gov/mesh/,LinkML gen-harmony
immune_system_diseases,Immune System Diseases,EnumResearchDomain,StudyMetadata,research_domain,D007154,Immune System Diseases,http://id.nlm.nih.gov/mesh/,LinkML gen-harmony
hematologic_diseases,Hematologic Diseases,EnumResearchDomain,StudyMetadata,research_domain,D006402,Hematologic Diseases,http://id.nlm.nih.gov/mesh/,LinkML gen-harmony
neurodevelopment,Neurodevelopment,EnumResearchDomain,StudyMetadata,research_domain,D065886,Neurodevelopment,http://id.nlm.nih.gov/mesh/,LinkML gen-harmony
sleep_wake_disorders,Sleep Wake Disorders,EnumResearchDomain,StudyMetadata,research_domain,D012893,Sleep Wake Disorders,http://id.nlm.nih.gov/mesh/,LinkML gen-harmony
all_co_occurring_conditions,All Co-occurring Conditions,EnumResearchDomain,StudyMetadata,research_domain,D013568,All Co-occurring Conditions,http://id.nlm.nih.gov/mesh/,LinkML gen-harmony
physical_fitness,Physical Fitness,EnumResearchDomain,StudyMetadata,research_domain,D010809,Physical Fitness,http://id.nlm.nih.gov/mesh/,LinkML gen-harmony
female,Female,EnumSex,,,C16576,Female,http://purl.obolibrary.org/obo/NCIT_,LinkML gen-harmony
male,Male,EnumSex,,,C20197,Male,http://purl.obolibrary.org/obo/NCIT_,LinkML gen-harmony
other,Other,EnumSex,,,C17649,Other,http://purl.obolibrary.org/obo/NCIT_,LinkML gen-harmony
unknown,Unknown,EnumSex,,,C17998,Unknown,http://purl.obolibrary.org/obo/NCIT_,LinkML gen-harmony
american_indian_or_alaska_native,American Indian or Alaska Native,EnumRace,,,C41259,American Indian or Alaska Native,http://purl.obolibrary.org/obo/NCIT_,LinkML gen-harmony
asian,Asian,EnumRace,,,C41260,Asian,http://purl.obolibrary.org/obo/NCIT_,LinkML gen-harmony
black_or_african_american,Black or African American,EnumRace,,,C16352,Black or African American,http://purl.obolibrary.org/obo/NCIT_,LinkML gen-harmony
more_than_one_race,More than one race,EnumRace,,,C67109,More than one race,http://purl.obolibrary.org/obo/NCIT_,LinkML gen-harmony
native_hawaiian_or_other_pacific_islander,Native Hawaiian or Other Pacific Islander,EnumRace,,,C41219,Native Hawaiian or Other Pacific Islander,http://purl.obolibrary.org/obo/NCIT_,LinkML gen-harmony
other,Other,EnumRace,,,C17649,Other,http://purl.obolibrary.org/obo/NCIT_,LinkML gen-harmony
white,White,EnumRace,,,C41261,White,http://purl.obolibrary.org/obo/NCIT_,LinkML gen-harmony
prefer_not_to_answer,Prefer not to answer,EnumRace,,,C132222,Prefer not to answer,http://purl.obolibrary.org/obo/NCIT_,LinkML gen-harmony
unknown,Unknown,EnumRace,,,C17998,Unknown,http://purl.obolibrary.org/obo/NCIT_,LinkML gen-harmony
east_asian,East Asian,EnumRace,,,C161419,East Asian,http://purl.obolibrary.org/obo/NCIT_,LinkML gen-harmony
latin_american,Latin American,EnumRace,,,C126531,Latin American,http://purl.obolibrary.org/obo/NCIT_,LinkML gen-harmony
middle_eastern_or_north_african,Middle Eastern or North African,EnumRace,,,C43866,Middle Eastern or North African,http://purl.obolibrary.org/obo/NCIT_,LinkML gen-harmony
south_asian,South Asian,EnumRace,,,C41263,South Asian,http://purl.obolibrary.org/obo/NCIT_,LinkML gen-harmony
hispanic_or_latino,Hispanic or Latino,EnumEthnicity,,,C17459,Hispanic or Latino,http://purl.obolibrary.org/obo/NCIT_,LinkML gen-harmony
not_hispanic_or_latino,Not Hispanic or Latino,EnumEthnicity,,,C41222,Not Hispanic or Latino,http://purl.obolibrary.org/obo/NCIT_,LinkML gen-harmony
prefer_not_to_answer,Prefer not to answer,EnumEthnicity,,,C132222,Prefer not to answer,http://purl.obolibrary.org/obo/NCIT_,LinkML gen-harmony
unknown,Unknown,EnumEthnicity,,,C17998,Unknown,http://purl.obolibrary.org/obo/NCIT_,LinkML gen-harmony
dead,Dead,EnumVitalStatus,,,C28554,Dead,http://purl.obolibrary.org/obo/NCIT_,LinkML gen-harmony
alive,Alive,EnumVitalStatus,,,C37987,Alive,http://purl.obolibrary.org/obo/NCIT_,LinkML gen-harmony
unknown,Unknown,EnumNull,,,C17998,Unknown,http://purl.obolibrary.org/obo/NCIT_,LinkML gen-harmony
not_suspected,not-suspected,EnumConsanguinityAssertion,,,428263003,not-suspected,http://snomed.info/id/,LinkML gen-harmony
suspected,suspected,EnumConsanguinityAssertion,,,415684004,suspected,http://snomed.info/id/,LinkML gen-harmony
known_present,known-present,EnumConsanguinityAssertion,,,410515003,known-present,http://snomed.info/id/,LinkML gen-harmony
unknown,unknown,EnumConsanguinityAssertion,,,261665006,unknown,http://snomed.info/id/,LinkML gen-harmony
available,Available,EnumAvailabilityStatus,,,available,Available,https://nih-ncpi.github.io/ncpi-fhir-ig-2/CodeSystem/biospecimen-availability/,LinkML gen-harmony
unavailable,Unavailable,EnumAvailabilityStatus,,,unavailable,Unavailable,https://nih-ncpi.github.io/ncpi-fhir-ig-2/CodeSystem/biospecimen-availability/,LinkML gen-harmony
snomedct:106233006,Topographical modifier (qualifier value),EnumSpatialQualifiers,,,106233006,Topographical modifier (qualifier value),http://snomed.info/id/,LinkML gen-harmony
snomedct:103339001,Long axis,EnumSpatialQualifiers,,,103339001,Long axis,http://snomed.info/id/,LinkML gen-harmony
snomedct:103340004,Short axis,EnumSpatialQualifiers,,,103340004,Short axis,http://snomed.info/id/,LinkML gen-harmony
snomedct:103341000,Off axis,EnumSpatialQualifiers,,,103341000,Off axis,http://snomed.info/id/,LinkML gen-harmony
snomedct:103342007,Mid-longitudinal,EnumSpatialQualifiers,,,103342007,Mid-longitudinal,http://snomed.info/id/,LinkML gen-harmony
snomedct:103343002,Parasagittal,EnumSpatialQualifiers,,,103343002,Parasagittal,http://snomed.info/id/,LinkML gen-harmony
snomedct:103344008,Transvesical,EnumSpatialQualifiers,,,103344008,Transvesical,http://snomed.info/id/,LinkML gen-harmony
snomedct:103345009,Transthecal,EnumSpatialQualifiers,,,103345009,Transthecal,http://snomed.info/id/,LinkML gen-harmony
snomedct:103346005,Transsplenic,EnumSpatialQualifiers,,,103346005,Transsplenic,http://snomed.info/id/,LinkML gen-harmony
snomedct:103347001,Transrenal,EnumSpatialQualifiers,,,103347001,Transrenal,http://snomed.info/id/,LinkML gen-harmony
snomedct:103348006,Transpleural,EnumSpatialQualifiers,,,103348006,Transpleural,http://snomed.info/id/,LinkML gen-harmony
snomedct:103349003,Transpancreatic,EnumSpatialQualifiers,,,103349003,Transpancreatic,http://snomed.info/id/,LinkML gen-harmony
snomedct:103353001,Transgastric,EnumSpatialQualifiers,,,103353001,Transgastric,http://snomed.info/id/,LinkML gen-harmony
snomedct:103354007,Transmural,EnumSpatialQualifiers,,,103354007,Transmural,http://snomed.info/id/,LinkML gen-harmony
snomedct:11070000,Capsular,EnumSpatialQualifiers,,,11070000,Capsular,http://snomed.info/id/,LinkML gen-harmony
snomedct:1146002,Arcuate,EnumSpatialQualifiers,,,1146002,Arcuate,http://snomed.info/id/,LinkML gen-harmony
snomedct:11896004,Intermediate,EnumSpatialQualifiers,,,11896004,Intermediate,http://snomed.info/id/,LinkML gen-harmony
snomedct:1217011006,Non-adjacent,EnumSpatialQualifiers,,,1217011006,Non-adjacent,http://snomed.info/id/,LinkML gen-harmony
snomedct:131183008,Intra-articular,EnumSpatialQualifiers,,,131183008,Intra-articular,http://snomed.info/id/,LinkML gen-harmony
snomedct:131184002,Area of defined region,EnumSpatialQualifiers,,,131184002,Area of defined region,http://snomed.info/id/,LinkML gen-harmony
snomedct:131185001,Vertical long axis,EnumSpatialQualifiers,,,131185001,Vertical long axis,http://snomed.info/id/,LinkML gen-harmony
snomedct:131186000,Horizontal long axis,EnumSpatialQualifiers,,,131186000,Horizontal long axis,http://snomed.info/id/,LinkML gen-harmony
snomedct:131187009,Major Axis,EnumSpatialQualifiers,,,131187009,Major Axis,http://snomed.info/id/,LinkML gen-harmony
snomedct:131188004,Minor Axis,EnumSpatialQualifiers,,,131188004,Minor Axis,http://snomed.info/id/,LinkML gen-harmony
snomedct:131189007,Perpendicular axis,EnumSpatialQualifiers,,,131189007,Perpendicular axis,http://snomed.info/id/,LinkML gen-harmony
snomedct:131190003,Radius,EnumSpatialQualifiers,,,131190003,Radius,http://snomed.info/id/,LinkML gen-harmony
snomedct:131191004,Perimeter,EnumSpatialQualifiers,,,131191004,Perimeter,http://snomed.info/id/,LinkML gen-harmony
snomedct:14414005,Peripheral,EnumSpatialQualifiers,,,14414005,Peripheral,http://snomed.info/id/,LinkML gen-harmony
snomedct:1483009,Angular,EnumSpatialQualifiers,,,1483009,Angular,http://snomed.info/id/,LinkML gen-harmony
snomedct:18769003,Juxta-posed,EnumSpatialQualifiers,,,18769003,Juxta-posed,http://snomed.info/id/,LinkML gen-harmony
snomedct:21006006,Hemispheric,EnumSpatialQualifiers,,,21006006,Hemispheric,http://snomed.info/id/,LinkML gen-harmony
snomedct:21481007,Over,EnumSpatialQualifiers,,,21481007,Over,http://snomed.info/id/,LinkML gen-harmony
snomedct:24020000,Horizontal,EnumSpatialQualifiers,,,24020000,Horizontal,http://snomed.info/id/,LinkML gen-harmony
snomedct:24028007,Right (qualifier value),EnumSpatialQualifiers,,,24028007,Right (qualifier value),http://snomed.info/id/,LinkML gen-harmony
snomedct:24422004,Axial,EnumSpatialQualifiers,,,24422004,Axial,http://snomed.info/id/,LinkML gen-harmony
snomedct:255527003,Horizontal - 3 and 9,EnumSpatialQualifiers,,,255527003,Horizontal - 3 and 9,http://snomed.info/id/,LinkML gen-harmony
snomedct:255528008,Horizontal and vertical,EnumSpatialQualifiers,,,255528008,Horizontal and vertical,http://snomed.info/id/,LinkML gen-harmony
snomedct:261129000,Mediolateral,EnumSpatialQualifiers,,,261129000,Mediolateral,http://snomed.info/id/,LinkML gen-harmony
snomedct:26216008,Central,EnumSpatialQualifiers,,,26216008,Central,http://snomed.info/id/,LinkML gen-harmony
snomedct:26283006,Superficial,EnumSpatialQualifiers,,,26283006,Superficial,http://snomed.info/id/,LinkML gen-harmony
snomedct:263687007,Bony extra-articular,EnumSpatialQualifiers,,,263687007,Bony extra-articular,http://snomed.info/id/,LinkML gen-harmony
snomedct:263688002,Bony intra-articular,EnumSpatialQualifiers,,,263688002,Bony intra-articular,http://snomed.info/id/,LinkML gen-harmony
snomedct:264731004,Lateral to the left,EnumSpatialQualifiers,,,264731004,Lateral to the left,http://snomed.info/id/,LinkML gen-harmony
snomedct:264732006,Lateral to the right,EnumSpatialQualifiers,,,264732006,Lateral to the right,http://snomed.info/id/,LinkML gen-harmony
snomedct:264733001,Linear longitudinal,EnumSpatialQualifiers,,,264733001,Linear longitudinal,http://snomed.info/id/,LinkML gen-harmony
snomedct:264737000,Linear transverse,EnumSpatialQualifiers,,,264737000,Linear transverse,http://snomed.info/id/,LinkML gen-harmony
snomedct:264741001,Posterolateral to the left,EnumSpatialQualifiers,,,264741001,Posterolateral to the left,http://snomed.info/id/,LinkML gen-harmony
snomedct:264742008,Posterolateral to the right,EnumSpatialQualifiers,,,264742008,Posterolateral to the right,http://snomed.info/id/,LinkML gen-harmony
snomedct:264839005,Horizontal cleavage,EnumSpatialQualifiers,,,264839005,Horizontal cleavage,http://snomed.info/id/,LinkML gen-harmony
snomedct:27237009,Triangular,EnumSpatialQualifiers,,,27237009,Triangular,http://snomed.info/id/,LinkML gen-harmony
snomedct:28241006,Rhomboid,EnumSpatialQualifiers,,,28241006,Rhomboid,http://snomed.info/id/,LinkML gen-harmony
snomedct:28947002,Right curve,EnumSpatialQualifiers,,,28947002,Right curve,http://snomed.info/id/,LinkML gen-harmony
snomedct:30730003,Sagittal,EnumSpatialQualifiers,,,30730003,Sagittal,http://snomed.info/id/,LinkML gen-harmony
snomedct:30899007,Quadrangular,EnumSpatialQualifiers,,,30899007,Quadrangular,http://snomed.info/id/,LinkML gen-harmony
snomedct:32381004,Portal,EnumSpatialQualifiers,,,32381004,Portal,http://snomed.info/id/,LinkML gen-harmony
snomedct:32400000,Preaxial,EnumSpatialQualifiers,,,32400000,Preaxial,http://snomed.info/id/,LinkML gen-harmony
snomedct:33096000,Vertical,EnumSpatialQualifiers,,,33096000,Vertical,http://snomed.info/id/,LinkML gen-harmony
snomedct:33843005,Efferent,EnumSpatialQualifiers,,,33843005,Efferent,http://snomed.info/id/,LinkML gen-harmony
snomedct:350722008,Behind,EnumSpatialQualifiers,,,350722008,Behind,http://snomed.info/id/,LinkML gen-harmony
snomedct:351726001,Below,EnumSpatialQualifiers,,,351726001,Below,http://snomed.info/id/,LinkML gen-harmony
snomedct:352730000,Supra-,EnumSpatialQualifiers,,,352730000,Supra-,http://snomed.info/id/,LinkML gen-harmony
snomedct:353734004,Upward,EnumSpatialQualifiers,,,353734004,Upward,http://snomed.info/id/,LinkML gen-harmony
snomedct:354652004,Circular,EnumSpatialQualifiers,,,354652004,Circular,http://snomed.info/id/,LinkML gen-harmony
snomedct:355648006,Surrounding,EnumSpatialQualifiers,,,355648006,Surrounding,http://snomed.info/id/,LinkML gen-harmony
snomedct:37197008,Anterolateral,EnumSpatialQualifiers,,,37197008,Anterolateral,http://snomed.info/id/,LinkML gen-harmony
snomedct:38717003,Longitudinal,EnumSpatialQualifiers,,,38717003,Longitudinal,http://snomed.info/id/,LinkML gen-harmony
snomedct:39187007,Bent,EnumSpatialQualifiers,,,39187007,Bent,http://snomed.info/id/,LinkML gen-harmony
snomedct:40415009,Proximal,EnumSpatialQualifiers,,,40415009,Proximal,http://snomed.info/id/,LinkML gen-harmony
snomedct:410674003,Regional,EnumSpatialQualifiers,,,410674003,Regional,http://snomed.info/id/,LinkML gen-harmony
snomedct:410679008,Surface,EnumSpatialQualifiers,,,410679008,Surface,http://snomed.info/id/,LinkML gen-harmony
snomedct:42798000,Area,EnumSpatialQualifiers,,,42798000,Area,http://snomed.info/id/,LinkML gen-harmony
snomedct:43674008,Apical,EnumSpatialQualifiers,,,43674008,Apical,http://snomed.info/id/,LinkML gen-harmony
snomedct:45226003,Cylindrical,EnumSpatialQualifiers,,,45226003,Cylindrical,http://snomed.info/id/,LinkML gen-harmony
snomedct:46053002,Distal,EnumSpatialQualifiers,,,46053002,Distal,http://snomed.info/id/,LinkML gen-harmony
snomedct:47021000,Left curve,EnumSpatialQualifiers,,,47021000,Left curve,http://snomed.info/id/,LinkML gen-harmony
snomedct:49370004,Lateral,EnumSpatialQualifiers,,,49370004,Lateral,http://snomed.info/id/,LinkML gen-harmony
snomedct:49530007,Afferent,EnumSpatialQualifiers,,,49530007,Afferent,http://snomed.info/id/,LinkML gen-harmony
snomedct:50009006,Linear,EnumSpatialQualifiers,,,50009006,Linear,http://snomed.info/id/,LinkML gen-harmony
snomedct:50362007,Stellate,EnumSpatialQualifiers,,,50362007,Stellate,http://snomed.info/id/,LinkML gen-harmony
snomedct:50974003,Junctional,EnumSpatialQualifiers,,,50974003,Junctional,http://snomed.info/id/,LinkML gen-harmony
snomedct:51440002,Right and left,EnumSpatialQualifiers,,,51440002,Right and left,http://snomed.info/id/,LinkML gen-harmony
snomedct:5686001,Remote,EnumSpatialQualifiers,,,5686001,Remote,http://snomed.info/id/,LinkML gen-harmony
snomedct:56924007,Square,EnumSpatialQualifiers,,,56924007,Square,http://snomed.info/id/,LinkML gen-harmony
snomedct:57183005,Along edge,EnumSpatialQualifiers,,,57183005,Along edge,http://snomed.info/id/,LinkML gen-harmony
snomedct:57195005,Basal,EnumSpatialQualifiers,,,57195005,Basal,http://snomed.info/id/,LinkML gen-harmony
snomedct:59410002,Rectangular,EnumSpatialQualifiers,,,59410002,Rectangular,http://snomed.info/id/,LinkML gen-harmony
snomedct:60301000,Curved,EnumSpatialQualifiers,,,60301000,Curved,http://snomed.info/id/,LinkML gen-harmony
snomedct:60583000,Postaxial,EnumSpatialQualifiers,,,60583000,Postaxial,http://snomed.info/id/,LinkML gen-harmony
snomedct:61397002,Subcapsular,EnumSpatialQualifiers,,,61397002,Subcapsular,http://snomed.info/id/,LinkML gen-harmony
snomedct:62083003,Sectional,EnumSpatialQualifiers,,,62083003,Sectional,http://snomed.info/id/,LinkML gen-harmony
snomedct:62372003,Segmental,EnumSpatialQualifiers,,,62372003,Segmental,http://snomed.info/id/,LinkML gen-harmony
snomedct:62824007,Transverse,EnumSpatialQualifiers,,,62824007,Transverse,http://snomed.info/id/,LinkML gen-harmony
snomedct:66787007,Cephalic,EnumSpatialQualifiers,,,66787007,Cephalic,http://snomed.info/id/,LinkML gen-harmony
snomedct:68493006,Gutter,EnumSpatialQualifiers,,,68493006,Gutter,http://snomed.info/id/,LinkML gen-harmony
snomedct:69320009,Extracellular,EnumSpatialQualifiers,,,69320009,Extracellular,http://snomed.info/id/,LinkML gen-harmony
snomedct:69389007,Saccular,EnumSpatialQualifiers,,,69389007,Saccular,http://snomed.info/id/,LinkML gen-harmony
snomedct:710097009,Incisal,EnumSpatialQualifiers,,,710097009,Incisal,http://snomed.info/id/,LinkML gen-harmony
snomedct:710098004,Occlusal,EnumSpatialQualifiers,,,710098004,Occlusal,http://snomed.info/id/,LinkML gen-harmony
snomedct:710099007,Mesial,EnumSpatialQualifiers,,,710099007,Mesial,http://snomed.info/id/,LinkML gen-harmony
snomedct:7771000,Left (qualifier value),EnumSpatialQualifiers,,,7771000,Left (qualifier value),http://snomed.info/id/,LinkML gen-harmony
snomedct:795002,Deep,EnumSpatialQualifiers,,,795002,Deep,http://snomed.info/id/,LinkML gen-harmony
snomedct:81654009,Coronal,EnumSpatialQualifiers,,,81654009,Coronal,http://snomed.info/id/,LinkML gen-harmony
snomedct:83167003,Intracellular,EnumSpatialQualifiers,,,83167003,Intracellular,http://snomed.info/id/,LinkML gen-harmony
snomedct:84177009,Straddling,EnumSpatialQualifiers,,,84177009,Straddling,http://snomed.info/id/,LinkML gen-harmony
snomedct:87687004,Extra-articular,EnumSpatialQualifiers,,,87687004,Extra-articular,http://snomed.info/id/,LinkML gen-harmony
snomedct:90069004,Posterolateral,EnumSpatialQualifiers,,,90069004,Posterolateral,http://snomed.info/id/,LinkML gen-harmony
snomedct:272424004,Relative sites (qualifier value),EnumSpatialQualifiers,,,272424004,Relative sites (qualifier value),http://snomed.info/id/,LinkML gen-harmony
snomedct:112233002,Marginal,EnumSpatialQualifiers,,,112233002,Marginal,http://snomed.info/id/,LinkML gen-harmony
snomedct:1197041002,Intercostal,EnumSpatialQualifiers,,,1197041002,Intercostal,http://snomed.info/id/,LinkML gen-harmony
snomedct:1285325005,Intralobular,EnumSpatialQualifiers,,,1285325005,Intralobular,http://snomed.info/id/,LinkML gen-harmony
snomedct:128590009,Anatomical reference point of right atrium,EnumSpatialQualifiers,,,128590009,Anatomical reference point of right atrium,http://snomed.info/id/,LinkML gen-harmony
snomedct:1362012009,Inlet projection,EnumSpatialQualifiers,,,1362012009,Inlet projection,http://snomed.info/id/,LinkML gen-harmony
snomedct:1363295008,Unilobar,EnumSpatialQualifiers,,,1363295008,Unilobar,http://snomed.info/id/,LinkML gen-harmony
snomedct:1363296009,Ipsilateral multilobar,EnumSpatialQualifiers,,,1363296009,Ipsilateral multilobar,http://snomed.info/id/,LinkML gen-harmony
snomedct:182353008,Side,EnumSpatialQualifiers,,,182353008,Side,http://snomed.info/id/,LinkML gen-harmony
snomedct:225780003,Sublingual,EnumSpatialQualifiers,,,225780003,Sublingual,http://snomed.info/id/,LinkML gen-harmony
snomedct:229801003,Intra-arterial,EnumSpatialQualifiers,,,229801003,Intra-arterial,http://snomed.info/id/,LinkML gen-harmony
snomedct:255208005,Ipsilateral,EnumSpatialQualifiers,,,255208005,Ipsilateral,http://snomed.info/id/,LinkML gen-harmony
snomedct:255209002,Contralateral,EnumSpatialQualifiers,,,255209002,Contralateral,http://snomed.info/id/,LinkML gen-harmony
snomedct:255348000,Inframammary,EnumSpatialQualifiers,,,255348000,Inframammary,http://snomed.info/id/,LinkML gen-harmony
snomedct:255472009,Panretinal,EnumSpatialQualifiers,,,255472009,Panretinal,http://snomed.info/id/,LinkML gen-harmony
snomedct:255482005,Left upper segment,EnumSpatialQualifiers,,,255482005,Left upper segment,http://snomed.info/id/,LinkML gen-harmony
snomedct:255486008,Lower segment,EnumSpatialQualifiers,,,255486008,Lower segment,http://snomed.info/id/,LinkML gen-harmony
snomedct:255496004,Right lower segment,EnumSpatialQualifiers,,,255496004,Right lower segment,http://snomed.info/id/,LinkML gen-harmony
snomedct:255499006,Right upper segment,EnumSpatialQualifiers,,,255499006,Right upper segment,http://snomed.info/id/,LinkML gen-harmony
snomedct:255501003,Upper segment,EnumSpatialQualifiers,,,255501003,Upper segment,http://snomed.info/id/,LinkML gen-harmony
snomedct:255546002,Underlay,EnumSpatialQualifiers,,,255546002,Underlay,http://snomed.info/id/,LinkML gen-harmony
snomedct:255547006,Overlay,EnumSpatialQualifiers,,,255547006,Overlay,http://snomed.info/id/,LinkML gen-harmony
snomedct:255548001,Sandwich graft,EnumSpatialQualifiers,,,255548001,Sandwich graft,http://snomed.info/id/,LinkML gen-harmony
snomedct:255549009,Anterior,EnumSpatialQualifiers,,,255549009,Anterior,http://snomed.info/id/,LinkML gen-harmony
snomedct:255550009,Anterior to epiglottis,EnumSpatialQualifiers,,,255550009,Anterior to epiglottis,http://snomed.info/id/,LinkML gen-harmony
snomedct:255551008,Posterior,EnumSpatialQualifiers,,,255551008,Posterior,http://snomed.info/id/,LinkML gen-harmony
snomedct:255552001,Posterior to epiglottis,EnumSpatialQualifiers,,,255552001,Posterior to epiglottis,http://snomed.info/id/,LinkML gen-harmony
snomedct:255554000,Dorsal,EnumSpatialQualifiers,,,255554000,Dorsal,http://snomed.info/id/,LinkML gen-harmony
snomedct:255557007,Intracerebral,EnumSpatialQualifiers,,,255557007,Intracerebral,http://snomed.info/id/,LinkML gen-harmony
snomedct:255558002,Intragastric,EnumSpatialQualifiers,,,255558002,Intragastric,http://snomed.info/id/,LinkML gen-harmony
snomedct:255559005,Intramuscular,EnumSpatialQualifiers,,,255559005,Intramuscular,http://snomed.info/id/,LinkML gen-harmony
snomedct:255560000,Intravenous,EnumSpatialQualifiers,,,255560000,Intravenous,http://snomed.info/id/,LinkML gen-harmony
snomedct:255561001,Medial,EnumSpatialQualifiers,,,255561001,Medial,http://snomed.info/id/,LinkML gen-harmony
snomedct:255562008,Mid,EnumSpatialQualifiers,,,255562008,Mid,http://snomed.info/id/,LinkML gen-harmony
snomedct:255563003,Mid-zone,EnumSpatialQualifiers,,,255563003,Mid-zone,http://snomed.info/id/,LinkML gen-harmony
snomedct:255564009,Perivascular,EnumSpatialQualifiers,,,255564009,Perivascular,http://snomed.info/id/,LinkML gen-harmony
snomedct:255565005,Peripapillary,EnumSpatialQualifiers,,,255565005,Peripapillary,http://snomed.info/id/,LinkML gen-harmony
snomedct:255567002,Postauricular,EnumSpatialQualifiers,,,255567002,Postauricular,http://snomed.info/id/,LinkML gen-harmony
snomedct:255568007,Retrosternal,EnumSpatialQualifiers,,,255568007,Retrosternal,http://snomed.info/id/,LinkML gen-harmony
snomedct:255569004,Suprasternal,EnumSpatialQualifiers,,,255569004,Suprasternal,http://snomed.info/id/,LinkML gen-harmony
snomedct:255579002,Palatal-lingual,EnumSpatialQualifiers,,,255579002,Palatal-lingual,http://snomed.info/id/,LinkML gen-harmony
snomedct:255584008,Septal,EnumSpatialQualifiers,,,255584008,Septal,http://snomed.info/id/,LinkML gen-harmony
snomedct:255690001,Drug in contact with skin,EnumSpatialQualifiers,,,255690001,Drug in contact with skin,http://snomed.info/id/,LinkML gen-harmony
snomedct:258186003,Via collaterals,EnumSpatialQualifiers,,,258186003,Via collaterals,http://snomed.info/id/,LinkML gen-harmony
snomedct:258187007,Via native vessel - graft impaired,EnumSpatialQualifiers,,,258187007,Via native vessel - graft impaired,http://snomed.info/id/,LinkML gen-harmony
snomedct:258188002,Via native vessel - graft occluded,EnumSpatialQualifiers,,,258188002,Via native vessel - graft occluded,http://snomed.info/id/,LinkML gen-harmony
snomedct:258189005,Via skip graft,EnumSpatialQualifiers,,,258189005,Via skip graft,http://snomed.info/id/,LinkML gen-harmony
snomedct:258329003,Supratentorial,EnumSpatialQualifiers,,,258329003,Supratentorial,http://snomed.info/id/,LinkML gen-harmony
snomedct:258330008,Infratentorial,EnumSpatialQualifiers,,,258330008,Infratentorial,http://snomed.info/id/,LinkML gen-harmony
snomedct:260240005,Interdental,EnumSpatialQualifiers,,,260240005,Interdental,http://snomed.info/id/,LinkML gen-harmony
snomedct:260318004,1 o'clock position,EnumSpatialQualifiers,,,260318004,1 o'clock position,http://snomed.info/id/,LinkML gen-harmony
snomedct:260319007,1.30 o'clock position,EnumSpatialQualifiers,,,260319007,1.30 o'clock position,http://snomed.info/id/,LinkML gen-harmony
snomedct:260322009,10 o'clock position,EnumSpatialQualifiers,,,260322009,10 o'clock position,http://snomed.info/id/,LinkML gen-harmony
snomedct:260323004,10.30 o'clock position,EnumSpatialQualifiers,,,260323004,10.30 o'clock position,http://snomed.info/id/,LinkML gen-harmony
snomedct:260324005,11 o'clock position,EnumSpatialQualifiers,,,260324005,11 o'clock position,http://snomed.info/id/,LinkML gen-harmony
snomedct:260325006,11.30 o'clock position,EnumSpatialQualifiers,,,260325006,11.30 o'clock position,http://snomed.info/id/,LinkML gen-harmony
snomedct:260326007,12 o'clock position,EnumSpatialQualifiers,,,260326007,12 o'clock position,http://snomed.info/id/,LinkML gen-harmony
snomedct:260327003,12.30 o'clock position,EnumSpatialQualifiers,,,260327003,12.30 o'clock position,http://snomed.info/id/,LinkML gen-harmony
snomedct:260328008,2 o'clock position,EnumSpatialQualifiers,,,260328008,2 o'clock position,http://snomed.info/id/,LinkML gen-harmony
snomedct:260329000,2.30 o'clock position,EnumSpatialQualifiers,,,260329000,2.30 o'clock position,http://snomed.info/id/,LinkML gen-harmony
snomedct:260330005,3 o'clock position,EnumSpatialQualifiers,,,260330005,3 o'clock position,http://snomed.info/id/,LinkML gen-harmony
snomedct:260331009,3.30 o'clock position,EnumSpatialQualifiers,,,260331009,3.30 o'clock position,http://snomed.info/id/,LinkML gen-harmony
snomedct:260333007,4 o'clock position,EnumSpatialQualifiers,,,260333007,4 o'clock position,http://snomed.info/id/,LinkML gen-harmony
snomedct:260334001,4.30 o'clock position,EnumSpatialQualifiers,,,260334001,4.30 o'clock position,http://snomed.info/id/,LinkML gen-harmony
snomedct:260335000,5 o'clock position,EnumSpatialQualifiers,,,260335000,5 o'clock position,http://snomed.info/id/,LinkML gen-harmony
snomedct:260336004,5.30 o'clock position,EnumSpatialQualifiers,,,260336004,5.30 o'clock position,http://snomed.info/id/,LinkML gen-harmony
snomedct:260337008,6 o'clock position,EnumSpatialQualifiers,,,260337008,6 o'clock position,http://snomed.info/id/,LinkML gen-harmony
snomedct:260338003,6.30 o'clock position,EnumSpatialQualifiers,,,260338003,6.30 o'clock position,http://snomed.info/id/,LinkML gen-harmony
snomedct:260339006,7 o'clock position,EnumSpatialQualifiers,,,260339006,7 o'clock position,http://snomed.info/id/,LinkML gen-harmony
snomedct:260340008,7.30 o'clock position,EnumSpatialQualifiers,,,260340008,7.30 o'clock position,http://snomed.info/id/,LinkML gen-harmony
snomedct:260341007,8 o'clock position,EnumSpatialQualifiers,,,260341007,8 o'clock position,http://snomed.info/id/,LinkML gen-harmony
snomedct:260342000,8.30 o'clock position,EnumSpatialQualifiers,,,260342000,8.30 o'clock position,http://snomed.info/id/,LinkML gen-harmony
snomedct:260343005,9 o'clock position,EnumSpatialQualifiers,,,260343005,9 o'clock position,http://snomed.info/id/,LinkML gen-harmony
snomedct:260344004,9.30 o'clock position,EnumSpatialQualifiers,,,260344004,9.30 o'clock position,http://snomed.info/id/,LinkML gen-harmony
snomedct:260419006,Projection,EnumSpatialQualifiers,,,260419006,Projection,http://snomed.info/id/,LinkML gen-harmony
snomedct:260421001,Left lateral oblique,EnumSpatialQualifiers,,,260421001,Left lateral oblique,http://snomed.info/id/,LinkML gen-harmony
snomedct:260422008,C1-C2 left oblique,EnumSpatialQualifiers,,,260422008,C1-C2 left oblique,http://snomed.info/id/,LinkML gen-harmony
snomedct:260424009,Right lateral oblique,EnumSpatialQualifiers,,,260424009,Right lateral oblique,http://snomed.info/id/,LinkML gen-harmony
snomedct:260425005,C1-C2 right oblique,EnumSpatialQualifiers,,,260425005,C1-C2 right oblique,http://snomed.info/id/,LinkML gen-harmony
snomedct:260426006,Medial oblique,EnumSpatialQualifiers,,,260426006,Medial oblique,http://snomed.info/id/,LinkML gen-harmony
snomedct:260427002,Oblique lateral,EnumSpatialQualifiers,,,260427002,Oblique lateral,http://snomed.info/id/,LinkML gen-harmony
snomedct:260428007,Mandible X-ray - lateral oblique,EnumSpatialQualifiers,,,260428007,Mandible X-ray - lateral oblique,http://snomed.info/id/,LinkML gen-harmony
snomedct:260430009,Anteroposterior left lateral decubitus,EnumSpatialQualifiers,,,260430009,Anteroposterior left lateral decubitus,http://snomed.info/id/,LinkML gen-harmony
snomedct:260431008,C1-C2 left lateral,EnumSpatialQualifiers,,,260431008,C1-C2 left lateral,http://snomed.info/id/,LinkML gen-harmony
snomedct:260432001,Left true lateral,EnumSpatialQualifiers,,,260432001,Left true lateral,http://snomed.info/id/,LinkML gen-harmony
snomedct:260434000,Anteroposterior right lateral decubitus,EnumSpatialQualifiers,,,260434000,Anteroposterior right lateral decubitus,http://snomed.info/id/,LinkML gen-harmony
snomedct:260435004,C1-C2 right lateral,EnumSpatialQualifiers,,,260435004,C1-C2 right lateral,http://snomed.info/id/,LinkML gen-harmony
snomedct:260436003,Right true lateral,EnumSpatialQualifiers,,,260436003,Right true lateral,http://snomed.info/id/,LinkML gen-harmony
snomedct:260437007,Lateral vertical beam,EnumSpatialQualifiers,,,260437007,Lateral vertical beam,http://snomed.info/id/,LinkML gen-harmony
snomedct:260438002,Lateral horizontal beam,EnumSpatialQualifiers,,,260438002,Lateral horizontal beam,http://snomed.info/id/,LinkML gen-harmony
snomedct:260439005,Lateral inverted,EnumSpatialQualifiers,,,260439005,Lateral inverted,http://snomed.info/id/,LinkML gen-harmony
snomedct:260440007,True lateral of mandible,EnumSpatialQualifiers,,,260440007,True lateral of mandible,http://snomed.info/id/,LinkML gen-harmony
snomedct:260441006,Frog lateral,EnumSpatialQualifiers,,,260441006,Frog lateral,http://snomed.info/id/,LinkML gen-harmony
snomedct:260442004,Erect lateral,EnumSpatialQualifiers,,,260442004,Erect lateral,http://snomed.info/id/,LinkML gen-harmony
snomedct:260443009,Anteroposterior inverted,EnumSpatialQualifiers,,,260443009,Anteroposterior inverted,http://snomed.info/id/,LinkML gen-harmony
snomedct:260444003,Rotated posteroanterior,EnumSpatialQualifiers,,,260444003,Rotated posteroanterior,http://snomed.info/id/,LinkML gen-harmony
snomedct:260445002,Posteroanterior 20 degree,EnumSpatialQualifiers,,,260445002,Posteroanterior 20 degree,http://snomed.info/id/,LinkML gen-harmony
snomedct:260446001,Posteroanterior in ulnar deviation,EnumSpatialQualifiers,,,260446001,Posteroanterior in ulnar deviation,http://snomed.info/id/,LinkML gen-harmony
snomedct:260447005,Penetrated posteroanterior,EnumSpatialQualifiers,,,260447005,Penetrated posteroanterior,http://snomed.info/id/,LinkML gen-harmony
snomedct:260450008,Lordotic projection,EnumSpatialQualifiers,,,260450008,Lordotic projection,http://snomed.info/id/,LinkML gen-harmony
snomedct:260451007,Supine decubitus,EnumSpatialQualifiers,,,260451007,Supine decubitus,http://snomed.info/id/,LinkML gen-harmony
snomedct:260452000,Decubitus,EnumSpatialQualifiers,,,260452000,Decubitus,http://snomed.info/id/,LinkML gen-harmony
snomedct:260453005,Internal/external rotation,EnumSpatialQualifiers,,,260453005,Internal/external rotation,http://snomed.info/id/,LinkML gen-harmony
snomedct:260454004,45 degree projection,EnumSpatialQualifiers,,,260454004,45 degree projection,http://snomed.info/id/,LinkML gen-harmony
snomedct:260455003,Head and neck projection,EnumSpatialQualifiers,,,260455003,Head and neck projection,http://snomed.info/id/,LinkML gen-harmony
snomedct:260458001,Slit Towne's,EnumSpatialQualifiers,,,260458001,Slit Towne's,http://snomed.info/id/,LinkML gen-harmony
snomedct:260459009,Reverse Towne's,EnumSpatialQualifiers,,,260459009,Reverse Towne's,http://snomed.info/id/,LinkML gen-harmony
snomedct:260460004,Slit 35 degree fronto-occipital,EnumSpatialQualifiers,,,260460004,Slit 35 degree fronto-occipital,http://snomed.info/id/,LinkML gen-harmony
snomedct:260461000,Vertex projection,EnumSpatialQualifiers,,,260461000,Vertex projection,http://snomed.info/id/,LinkML gen-harmony
snomedct:260463002,Left Stenver's,EnumSpatialQualifiers,,,260463002,Left Stenver's,http://snomed.info/id/,LinkML gen-harmony
snomedct:260464008,Right Stenver's,EnumSpatialQualifiers,,,260464008,Right Stenver's,http://snomed.info/id/,LinkML gen-harmony
snomedct:260465009,Occipitofrontal projection,EnumSpatialQualifiers,,,260465009,Occipitofrontal projection,http://snomed.info/id/,LinkML gen-harmony
snomedct:260466005,Occipitomental projection,EnumSpatialQualifiers,,,260466005,Occipitomental projection,http://snomed.info/id/,LinkML gen-harmony
snomedct:260467001,Occipitomental - erect,EnumSpatialQualifiers,,,260467001,Occipitomental - erect,http://snomed.info/id/,LinkML gen-harmony
snomedct:260468006,Occipitomental - tilted,EnumSpatialQualifiers,,,260468006,Occipitomental - tilted,http://snomed.info/id/,LinkML gen-harmony
snomedct:260469003,Occipitomental - prone,EnumSpatialQualifiers,,,260469003,Occipitomental - prone,http://snomed.info/id/,LinkML gen-harmony
snomedct:260470002,Occipitomental - 15 degree,EnumSpatialQualifiers,,,260470002,Occipitomental - 15 degree,http://snomed.info/id/,LinkML gen-harmony
snomedct:260471003,Occipitomental - 30 degree,EnumSpatialQualifiers,,,260471003,Occipitomental - 30 degree,http://snomed.info/id/,LinkML gen-harmony
snomedct:260472005,Occipitomental - 45 degree,EnumSpatialQualifiers,,,260472005,Occipitomental - 45 degree,http://snomed.info/id/,LinkML gen-harmony
snomedct:260473000,Waters - 35 degree tilt to radiographic baseline,EnumSpatialQualifiers,,,260473000,Waters - 35 degree tilt to radiographic baseline,http://snomed.info/id/,LinkML gen-harmony
snomedct:260475007,Submentovertical reduced exposure for zygomatic arches,EnumSpatialQualifiers,,,260475007,Submentovertical reduced exposure for zygomatic arches,http://snomed.info/id/,LinkML gen-harmony
snomedct:260476008,Slit submentovertical,EnumSpatialQualifiers,,,260476008,Slit submentovertical,http://snomed.info/id/,LinkML gen-harmony
snomedct:260477004,Dental/oral projection,EnumSpatialQualifiers,,,260477004,Dental/oral projection,http://snomed.info/id/,LinkML gen-harmony
snomedct:260478009,Body - molar,EnumSpatialQualifiers,,,260478009,Body - molar,http://snomed.info/id/,LinkML gen-harmony
snomedct:260479001,Body - premolar,EnumSpatialQualifiers,,,260479001,Body - premolar,http://snomed.info/id/,LinkML gen-harmony
snomedct:260481004,Ramus projection,EnumSpatialQualifiers,,,260481004,Ramus projection,http://snomed.info/id/,LinkML gen-harmony
snomedct:260482006,Bimolar projection,EnumSpatialQualifiers,,,260482006,Bimolar projection,http://snomed.info/id/,LinkML gen-harmony
snomedct:260483001,Transpharyngeal projection,EnumSpatialQualifiers,,,260483001,Transpharyngeal projection,http://snomed.info/id/,LinkML gen-harmony
snomedct:260484007,Transmaxillary projection,EnumSpatialQualifiers,,,260484007,Transmaxillary projection,http://snomed.info/id/,LinkML gen-harmony
snomedct:260485008,Temporomandibular joint setting,EnumSpatialQualifiers,,,260485008,Temporomandibular joint setting,http://snomed.info/id/,LinkML gen-harmony
snomedct:260486009,Maxillary sinus setting,EnumSpatialQualifiers,,,260486009,Maxillary sinus setting,http://snomed.info/id/,LinkML gen-harmony
snomedct:260487000,Dental panoramic,EnumSpatialQualifiers,,,260487000,Dental panoramic,http://snomed.info/id/,LinkML gen-harmony
snomedct:260489002,Implant setting projection,EnumSpatialQualifiers,,,260489002,Implant setting projection,http://snomed.info/id/,LinkML gen-harmony
snomedct:260490006,Segmental setting,EnumSpatialQualifiers,,,260490006,Segmental setting,http://snomed.info/id/,LinkML gen-harmony
snomedct:260491005,Axial view for sesamoid bones,EnumSpatialQualifiers,,,260491005,Axial view for sesamoid bones,http://snomed.info/id/,LinkML gen-harmony
snomedct:260492003,Brewerton's projection,EnumSpatialQualifiers,,,260492003,Brewerton's projection,http://snomed.info/id/,LinkML gen-harmony
snomedct:260493008,Harris Beath axial projection,EnumSpatialQualifiers,,,260493008,Harris Beath axial projection,http://snomed.info/id/,LinkML gen-harmony
snomedct:260494002,Intercondylar projection,EnumSpatialQualifiers,,,260494002,Intercondylar projection,http://snomed.info/id/,LinkML gen-harmony
snomedct:260496000,Judet projection,EnumSpatialQualifiers,,,260496000,Judet projection,http://snomed.info/id/,LinkML gen-harmony
snomedct:260497009,Mortice projection,EnumSpatialQualifiers,,,260497009,Mortice projection,http://snomed.info/id/,LinkML gen-harmony
snomedct:260499007,Occlusal projection,EnumSpatialQualifiers,,,260499007,Occlusal projection,http://snomed.info/id/,LinkML gen-harmony
snomedct:260500003,Projected oblique occlusal,EnumSpatialQualifiers,,,260500003,Projected oblique occlusal,http://snomed.info/id/,LinkML gen-harmony
snomedct:260501004,Lower true occlusal,EnumSpatialQualifiers,,,260501004,Lower true occlusal,http://snomed.info/id/,LinkML gen-harmony
snomedct:260502006,Power grip series,EnumSpatialQualifiers,,,260502006,Power grip series,http://snomed.info/id/,LinkML gen-harmony
snomedct:260503001,Radial head projection,EnumSpatialQualifiers,,,260503001,Radial head projection,http://snomed.info/id/,LinkML gen-harmony
snomedct:260504007,Skyline projection,EnumSpatialQualifiers,,,260504007,Skyline projection,http://snomed.info/id/,LinkML gen-harmony
snomedct:260506009,Van Rosen projection,EnumSpatialQualifiers,,,260506009,Van Rosen projection,http://snomed.info/id/,LinkML gen-harmony
snomedct:260514003,Via body reference line,EnumSpatialQualifiers,,,260514003,Via body reference line,http://snomed.info/id/,LinkML gen-harmony
snomedct:260520002,Extracorporeal,EnumSpatialQualifiers,,,260520002,Extracorporeal,http://snomed.info/id/,LinkML gen-harmony
snomedct:260521003,Internal,EnumSpatialQualifiers,,,260521003,Internal,http://snomed.info/id/,LinkML gen-harmony
snomedct:260528009,Median,EnumSpatialQualifiers,,,260528009,Median,http://snomed.info/id/,LinkML gen-harmony
snomedct:260529001,Vectors,EnumSpatialQualifiers,,,260529001,Vectors,http://snomed.info/id/,LinkML gen-harmony
snomedct:260530006,Via body region,EnumSpatialQualifiers,,,260530006,Via body region,http://snomed.info/id/,LinkML gen-harmony
snomedct:260532003,Thoracoabdominal,EnumSpatialQualifiers,,,260532003,Thoracoabdominal,http://snomed.info/id/,LinkML gen-harmony
snomedct:260535001,Lateral extrapleural,EnumSpatialQualifiers,,,260535001,Lateral extrapleural,http://snomed.info/id/,LinkML gen-harmony
snomedct:260541008,Nasopancreatic,EnumSpatialQualifiers,,,260541008,Nasopancreatic,http://snomed.info/id/,LinkML gen-harmony
snomedct:260544000,Endobronchial,EnumSpatialQualifiers,,,260544000,Endobronchial,http://snomed.info/id/,LinkML gen-harmony
snomedct:260549005,Orogastric,EnumSpatialQualifiers,,,260549005,Orogastric,http://snomed.info/id/,LinkML gen-harmony
snomedct:260568008,Via cardiovascular system,EnumSpatialQualifiers,,,260568008,Via cardiovascular system,http://snomed.info/id/,LinkML gen-harmony
snomedct:260602004,Via superficialized vessel (qualifier value),EnumSpatialQualifiers,,,260602004,Via superficialized vessel (qualifier value),http://snomed.info/id/,LinkML gen-harmony
snomedct:260620008,Postaural approach,EnumSpatialQualifiers,,,260620008,Postaural approach,http://snomed.info/id/,LinkML gen-harmony
snomedct:260637001,Sublabial transseptal,EnumSpatialQualifiers,,,260637001,Sublabial transseptal,http://snomed.info/id/,LinkML gen-harmony
snomedct:260641002,Extraperitoneal,EnumSpatialQualifiers,,,260641002,Extraperitoneal,http://snomed.info/id/,LinkML gen-harmony
snomedct:260642009,Retroperitoneal,EnumSpatialQualifiers,,,260642009,Retroperitoneal,http://snomed.info/id/,LinkML gen-harmony
snomedct:260668002,Venovenous,EnumSpatialQualifiers,,,260668002,Venovenous,http://snomed.info/id/,LinkML gen-harmony
snomedct:261045000,Anterior dorsal,EnumSpatialQualifiers,,,261045000,Anterior dorsal,http://snomed.info/id/,LinkML gen-harmony
snomedct:261052003,Aortocoronary,EnumSpatialQualifiers,,,261052003,Aortocoronary,http://snomed.info/id/,LinkML gen-harmony
snomedct:261054002,Arterio-arterial,EnumSpatialQualifiers,,,261054002,Arterio-arterial,http://snomed.info/id/,LinkML gen-harmony
snomedct:261055001,Arteriovenous,EnumSpatialQualifiers,,,261055001,Arteriovenous,http://snomed.info/id/,LinkML gen-harmony
snomedct:261057009,Between intestinal loops,EnumSpatialQualifiers,,,261057009,Between intestinal loops,http://snomed.info/id/,LinkML gen-harmony
snomedct:261059007,Bicoronal,EnumSpatialQualifiers,,,261059007,Bicoronal,http://snomed.info/id/,LinkML gen-harmony
snomedct:261065007,Circumareolar,EnumSpatialQualifiers,,,261065007,Circumareolar,http://snomed.info/id/,LinkML gen-harmony
snomedct:261067004,Dorsal part,EnumSpatialQualifiers,,,261067004,Dorsal part,http://snomed.info/id/,LinkML gen-harmony
snomedct:261073003,Epicardial,EnumSpatialQualifiers,,,261073003,Epicardial,http://snomed.info/id/,LinkML gen-harmony
snomedct:261074009,External,EnumSpatialQualifiers,,,261074009,External,http://snomed.info/id/,LinkML gen-harmony
snomedct:261075005,Extra-amniotic,EnumSpatialQualifiers,,,261075005,Extra-amniotic,http://snomed.info/id/,LinkML gen-harmony
snomedct:261076006,Extracoronal,EnumSpatialQualifiers,,,261076006,Extracoronal,http://snomed.info/id/,LinkML gen-harmony
snomedct:261089000,Inferior,EnumSpatialQualifiers,,,261089000,Inferior,http://snomed.info/id/,LinkML gen-harmony
snomedct:261094000,Into urinary bladder,EnumSpatialQualifiers,,,261094000,Into urinary bladder,http://snomed.info/id/,LinkML gen-harmony
snomedct:261095004,Into ureter,EnumSpatialQualifiers,,,261095004,Into ureter,http://snomed.info/id/,LinkML gen-harmony
snomedct:261097007,Intracoronal,EnumSpatialQualifiers,,,261097007,Intracoronal,http://snomed.info/id/,LinkML gen-harmony
snomedct:261100002,Intraperitoneal,EnumSpatialQualifiers,,,261100002,Intraperitoneal,http://snomed.info/id/,LinkML gen-harmony
snomedct:261101003,Intravascular,EnumSpatialQualifiers,,,261101003,Intravascular,http://snomed.info/id/,LinkML gen-harmony
snomedct:261117009,Laryngotracheal,EnumSpatialQualifiers,,,261117009,Laryngotracheal,http://snomed.info/id/,LinkML gen-harmony
snomedct:261119007,Lateral part,EnumSpatialQualifiers,,,261119007,Lateral part,http://snomed.info/id/,LinkML gen-harmony
snomedct:261122009,Lower,EnumSpatialQualifiers,,,261122009,Lower,http://snomed.info/id/,LinkML gen-harmony
snomedct:261123004,Lower anterior,EnumSpatialQualifiers,,,261123004,Lower anterior,http://snomed.info/id/,LinkML gen-harmony
snomedct:261128008,Medial part,EnumSpatialQualifiers,,,261128008,Medial part,http://snomed.info/id/,LinkML gen-harmony
snomedct:261131009,Midaxillary,EnumSpatialQualifiers,,,261131009,Midaxillary,http://snomed.info/id/,LinkML gen-harmony
snomedct:261132002,Midclavicular,EnumSpatialQualifiers,,,261132002,Midclavicular,http://snomed.info/id/,LinkML gen-harmony
snomedct:261133007,Middle third,EnumSpatialQualifiers,,,261133007,Middle third,http://snomed.info/id/,LinkML gen-harmony
snomedct:261136004,Mural,EnumSpatialQualifiers,,,261136004,Mural,http://snomed.info/id/,LinkML gen-harmony
snomedct:261137008,Musculocutaneous,EnumSpatialQualifiers,,,261137008,Musculocutaneous,http://snomed.info/id/,LinkML gen-harmony
snomedct:261146002,Para-aortic,EnumSpatialQualifiers,,,261146002,Para-aortic,http://snomed.info/id/,LinkML gen-harmony
snomedct:261147006,Paracolic,EnumSpatialQualifiers,,,261147006,Paracolic,http://snomed.info/id/,LinkML gen-harmony
snomedct:261148001,Paraspinal,EnumSpatialQualifiers,,,261148001,Paraspinal,http://snomed.info/id/,LinkML gen-harmony
snomedct:261149009,Parasternal,EnumSpatialQualifiers,,,261149009,Parasternal,http://snomed.info/id/,LinkML gen-harmony
snomedct:261154000,Penis and urinary bladder neck,EnumSpatialQualifiers,,,261154000,Penis and urinary bladder neck,http://snomed.info/id/,LinkML gen-harmony
snomedct:261156003,Periadrenal,EnumSpatialQualifiers,,,261156003,Periadrenal,http://snomed.info/id/,LinkML gen-harmony
snomedct:261165005,Posterior dorsal,EnumSpatialQualifiers,,,261165005,Posterior dorsal,http://snomed.info/id/,LinkML gen-harmony
snomedct:261172006,Proximal third,EnumSpatialQualifiers,,,261172006,Proximal third,http://snomed.info/id/,LinkML gen-harmony
snomedct:261174007,Retrocecal (qualifier value),EnumSpatialQualifiers,,,261174007,Retrocecal (qualifier value),http://snomed.info/id/,LinkML gen-harmony
snomedct:261175008,Retroduodenal,EnumSpatialQualifiers,,,261175008,Retroduodenal,http://snomed.info/id/,LinkML gen-harmony
snomedct:261181000,Tracheobronchial,EnumSpatialQualifiers,,,261181000,Tracheobronchial,http://snomed.info/id/,LinkML gen-harmony
snomedct:261183002,Upper,EnumSpatialQualifiers,,,261183002,Upper,http://snomed.info/id/,LinkML gen-harmony
snomedct:261184008,Upper anterior,EnumSpatialQualifiers,,,261184008,Upper anterior,http://snomed.info/id/,LinkML gen-harmony
snomedct:261185009,Venoarterial,EnumSpatialQualifiers,,,261185009,Venoarterial,http://snomed.info/id/,LinkML gen-harmony
snomedct:261186005,Ventral part,EnumSpatialQualifiers,,,261186005,Ventral part,http://snomed.info/id/,LinkML gen-harmony
snomedct:261411001,Distal third,EnumSpatialQualifiers,,,261411001,Distal third,http://snomed.info/id/,LinkML gen-harmony
snomedct:261446009,Transpulmonary annulus,EnumSpatialQualifiers,,,261446009,Transpulmonary annulus,http://snomed.info/id/,LinkML gen-harmony
snomedct:261466000,Via intrapulmonary trunk tunnel,EnumSpatialQualifiers,,,261466000,Via intrapulmonary trunk tunnel,http://snomed.info/id/,LinkML gen-harmony
snomedct:261469007,Via orbitotomy,EnumSpatialQualifiers,,,261469007,Via orbitotomy,http://snomed.info/id/,LinkML gen-harmony
snomedct:261760007,Deep to rectus abdominis,EnumSpatialQualifiers,,,261760007,Deep to rectus abdominis,http://snomed.info/id/,LinkML gen-harmony
snomedct:261788001,Exteriorized (qualifier value),EnumSpatialQualifiers,,,261788001,Exteriorized (qualifier value),http://snomed.info/id/,LinkML gen-harmony
snomedct:261799004,From existing graft to coronary artery,EnumSpatialQualifiers,,,261799004,From existing graft to coronary artery,http://snomed.info/id/,LinkML gen-harmony
snomedct:261847009,Intracervical,EnumSpatialQualifiers,,,261847009,Intracervical,http://snomed.info/id/,LinkML gen-harmony
snomedct:261851006,Internally to bladder,EnumSpatialQualifiers,,,261851006,Internally to bladder,http://snomed.info/id/,LinkML gen-harmony
snomedct:261945002,Mixed venoarterial and venovenous,EnumSpatialQualifiers,,,261945002,Mixed venoarterial and venovenous,http://snomed.info/id/,LinkML gen-harmony
snomedct:261964008,Muscle fibers only (qualifier value),EnumSpatialQualifiers,,,261964008,Muscle fibers only (qualifier value),http://snomed.info/id/,LinkML gen-harmony
snomedct:261980003,Neuromuscular junction only,EnumSpatialQualifiers,,,261980003,Neuromuscular junction only,http://snomed.info/id/,LinkML gen-harmony
snomedct:262379005,Dominant side,EnumSpatialQualifiers,,,262379005,Dominant side,http://snomed.info/id/,LinkML gen-harmony
snomedct:262458006,Non-dominant side,EnumSpatialQualifiers,,,262458006,Non-dominant side,http://snomed.info/id/,LinkML gen-harmony
snomedct:263672002,Anocutaneous,EnumSpatialQualifiers,,,263672002,Anocutaneous,http://snomed.info/id/,LinkML gen-harmony
snomedct:263674001,Anovestibular,EnumSpatialQualifiers,,,263674001,Anovestibular,http://snomed.info/id/,LinkML gen-harmony
snomedct:263759007,Foraminal,EnumSpatialQualifiers,,,263759007,Foraminal,http://snomed.info/id/,LinkML gen-harmony
snomedct:263794000,Left side-by-side,EnumSpatialQualifiers,,,263794000,Left side-by-side,http://snomed.info/id/,LinkML gen-harmony
snomedct:263795004,Left sided,EnumSpatialQualifiers,,,263795004,Left sided,http://snomed.info/id/,LinkML gen-harmony
snomedct:263830001,Panacinar,EnumSpatialQualifiers,,,263830001,Panacinar,http://snomed.info/id/,LinkML gen-harmony
snomedct:263831002,Panlobular,EnumSpatialQualifiers,,,263831002,Panlobular,http://snomed.info/id/,LinkML gen-harmony
snomedct:263838008,Periacinar,EnumSpatialQualifiers,,,263838008,Periacinar,http://snomed.info/id/,LinkML gen-harmony
snomedct:263846009,Prevascular,EnumSpatialQualifiers,,,263846009,Prevascular,http://snomed.info/id/,LinkML gen-harmony
snomedct:263848005,Proximal acinar,EnumSpatialQualifiers,,,263848005,Proximal acinar,http://snomed.info/id/,LinkML gen-harmony
snomedct:263869007,Separate,EnumSpatialQualifiers,,,263869007,Separate,http://snomed.info/id/,LinkML gen-harmony
snomedct:263887005,Subcutaneous,EnumSpatialQualifiers,,,263887005,Subcutaneous,http://snomed.info/id/,LinkML gen-harmony
snomedct:263938007,Above middle turbinate,EnumSpatialQualifiers,,,263938007,Above middle turbinate,http://snomed.info/id/,LinkML gen-harmony
snomedct:263942005,Anterior segment,EnumSpatialQualifiers,,,263942005,Anterior segment,http://snomed.info/id/,LinkML gen-harmony
snomedct:263943000,Anterior wall,EnumSpatialQualifiers,,,263943000,Anterior wall,http://snomed.info/id/,LinkML gen-harmony
snomedct:263952009,Periorbital,EnumSpatialQualifiers,,,263952009,Periorbital,http://snomed.info/id/,LinkML gen-harmony
snomedct:263953004,Perioral,EnumSpatialQualifiers,,,263953004,Perioral,http://snomed.info/id/,LinkML gen-harmony
snomedct:263955006,Atlantoaxial,EnumSpatialQualifiers,,,263955006,Atlantoaxial,http://snomed.info/id/,LinkML gen-harmony
snomedct:263958008,Between left common carotid and brachiocephalic arteries,EnumSpatialQualifiers,,,263958008,Between left common carotid and brachiocephalic arteries,http://snomed.info/id/,LinkML gen-harmony
snomedct:263959000,Between left subclavian and common carotid arteries,EnumSpatialQualifiers,,,263959000,Between left subclavian and common carotid arteries,http://snomed.info/id/,LinkML gen-harmony
snomedct:263965000,Bronchocutaneous,EnumSpatialQualifiers,,,263965000,Bronchocutaneous,http://snomed.info/id/,LinkML gen-harmony
snomedct:263966004,Bronchopleural,EnumSpatialQualifiers,,,263966004,Bronchopleural,http://snomed.info/id/,LinkML gen-harmony
snomedct:263969006,Centriacinar,EnumSpatialQualifiers,,,263969006,Centriacinar,http://snomed.info/id/,LinkML gen-harmony
snomedct:263970007,Centrilobular,EnumSpatialQualifiers,,,263970007,Centrilobular,http://snomed.info/id/,LinkML gen-harmony
snomedct:263974003,Cervicothoracic,EnumSpatialQualifiers,,,263974003,Cervicothoracic,http://snomed.info/id/,LinkML gen-harmony
snomedct:263975002,Cervicothoracolumbar,EnumSpatialQualifiers,,,263975002,Cervicothoracolumbar,http://snomed.info/id/,LinkML gen-harmony
snomedct:263981005,Distal to left subclavian artery,EnumSpatialQualifiers,,,263981005,Distal to left subclavian artery,http://snomed.info/id/,LinkML gen-harmony
snomedct:263990003,Duodenoduodenal,EnumSpatialQualifiers,,,263990003,Duodenoduodenal,http://snomed.info/id/,LinkML gen-harmony
snomedct:263991004,Duodenojejunal,EnumSpatialQualifiers,,,263991004,Duodenojejunal,http://snomed.info/id/,LinkML gen-harmony
snomedct:263996009,Extrafoveal,EnumSpatialQualifiers,,,263996009,Extrafoveal,http://snomed.info/id/,LinkML gen-harmony
snomedct:263997000,Extraureteric,EnumSpatialQualifiers,,,263997000,Extraureteric,http://snomed.info/id/,LinkML gen-harmony
snomedct:263998005,Extravaginal,EnumSpatialQualifiers,,,263998005,Extravaginal,http://snomed.info/id/,LinkML gen-harmony
snomedct:263999002,From anterosuperior-superior bridging leaflet commissure,EnumSpatialQualifiers,,,263999002,From anterosuperior-superior bridging leaflet commissure,http://snomed.info/id/,LinkML gen-harmony
snomedct:264000000,From left inferior bridging leaflet-lateral commissure,EnumSpatialQualifiers,,,264000000,From left inferior bridging leaflet-lateral commissure,http://snomed.info/id/,LinkML gen-harmony
snomedct:264001001,From left septal commissure,EnumSpatialQualifiers,,,264001001,From left septal commissure,http://snomed.info/id/,LinkML gen-harmony
snomedct:264002008,From left superior bridging leaflet-lateral commissure,EnumSpatialQualifiers,,,264002008,From left superior bridging leaflet-lateral commissure,http://snomed.info/id/,LinkML gen-harmony
snomedct:264004009,From left ventricular component,EnumSpatialQualifiers,,,264004009,From left ventricular component,http://snomed.info/id/,LinkML gen-harmony
snomedct:264005005,From right anterosuperior-inferior commissure,EnumSpatialQualifiers,,,264005005,From right anterosuperior-inferior commissure,http://snomed.info/id/,LinkML gen-harmony
snomedct:264006006,From right inferior bridging leaflet-inferior commissure,EnumSpatialQualifiers,,,264006006,From right inferior bridging leaflet-inferior commissure,http://snomed.info/id/,LinkML gen-harmony
snomedct:264007002,From right septal commissure,EnumSpatialQualifiers,,,264007002,From right septal commissure,http://snomed.info/id/,LinkML gen-harmony
snomedct:264008007,From right ventricular component,EnumSpatialQualifiers,,,264008007,From right ventricular component,http://snomed.info/id/,LinkML gen-harmony
snomedct:264011008,Gastroduodenal,EnumSpatialQualifiers,,,264011008,Gastroduodenal,http://snomed.info/id/,LinkML gen-harmony
snomedct:264012001,Gastrogastric,EnumSpatialQualifiers,,,264012001,Gastrogastric,http://snomed.info/id/,LinkML gen-harmony
snomedct:264015004,Hepatopleural,EnumSpatialQualifiers,,,264015004,Hepatopleural,http://snomed.info/id/,LinkML gen-harmony
snomedct:264023002,Ileocecal (qualifier value),EnumSpatialQualifiers,,,264023002,Ileocecal (qualifier value),http://snomed.info/id/,LinkML gen-harmony
snomedct:264024008,Ileocolic,EnumSpatialQualifiers,,,264024008,Ileocolic,http://snomed.info/id/,LinkML gen-harmony
snomedct:264025009,Iliofemoral vein zone,EnumSpatialQualifiers,,,264025009,Iliofemoral vein zone,http://snomed.info/id/,LinkML gen-harmony
snomedct:264026005,Ileo-ileal,EnumSpatialQualifiers,,,264026005,Ileo-ileal,http://snomed.info/id/,LinkML gen-harmony
snomedct:264027001,Ileorectal,EnumSpatialQualifiers,,,264027001,Ileorectal,http://snomed.info/id/,LinkML gen-harmony
snomedct:264030008,In joint,EnumSpatialQualifiers,,,264030008,In joint,http://snomed.info/id/,LinkML gen-harmony
snomedct:264031007,In situ,EnumSpatialQualifiers,,,264031007,In situ,http://snomed.info/id/,LinkML gen-harmony
snomedct:264034004,Infracardiac,EnumSpatialQualifiers,,,264034004,Infracardiac,http://snomed.info/id/,LinkML gen-harmony
snomedct:264035003,Infravesical,EnumSpatialQualifiers,,,264035003,Infravesical,http://snomed.info/id/,LinkML gen-harmony
snomedct:264040006,Interchordal,EnumSpatialQualifiers,,,264040006,Interchordal,http://snomed.info/id/,LinkML gen-harmony
snomedct:264041005,Interdigital,EnumSpatialQualifiers,,,264041005,Interdigital,http://snomed.info/id/,LinkML gen-harmony
snomedct:264042003,Intervertebral,EnumSpatialQualifiers,,,264042003,Intervertebral,http://snomed.info/id/,LinkML gen-harmony
snomedct:264043008,Intraligamentous,EnumSpatialQualifiers,,,264043008,Intraligamentous,http://snomed.info/id/,LinkML gen-harmony
snomedct:264044002,Intracardiac,EnumSpatialQualifiers,,,264044002,Intracardiac,http://snomed.info/id/,LinkML gen-harmony
snomedct:264045001,Intraluminal,EnumSpatialQualifiers,,,264045001,Intraluminal,http://snomed.info/id/,LinkML gen-harmony
snomedct:264046000,Intramammary,EnumSpatialQualifiers,,,264046000,Intramammary,http://snomed.info/id/,LinkML gen-harmony
snomedct:264047009,Intrapulmonary,EnumSpatialQualifiers,,,264047009,Intrapulmonary,http://snomed.info/id/,LinkML gen-harmony
snomedct:264049007,Intravaginal,EnumSpatialQualifiers,,,264049007,Intravaginal,http://snomed.info/id/,LinkML gen-harmony
snomedct:264056001,Lateral column,EnumSpatialQualifiers,,,264056001,Lateral column,http://snomed.info/id/,LinkML gen-harmony
snomedct:264060003,Lateral segment,EnumSpatialQualifiers,,,264060003,Lateral segment,http://snomed.info/id/,LinkML gen-harmony
snomedct:264065008,Left anterior,EnumSpatialQualifiers,,,264065008,Left anterior,http://snomed.info/id/,LinkML gen-harmony
snomedct:264067000,Left lateral wall,EnumSpatialQualifiers,,,264067000,Left lateral wall,http://snomed.info/id/,LinkML gen-harmony
snomedct:264068005,Left lower segment,EnumSpatialQualifiers,,,264068005,Left lower segment,http://snomed.info/id/,LinkML gen-harmony
snomedct:264076007,Lower left parasternal,EnumSpatialQualifiers,,,264076007,Lower left parasternal,http://snomed.info/id/,LinkML gen-harmony
snomedct:264081003,Lower third,EnumSpatialQualifiers,,,264081003,Lower third,http://snomed.info/id/,LinkML gen-harmony
snomedct:264083000,Lumbosacral,EnumSpatialQualifiers,,,264083000,Lumbosacral,http://snomed.info/id/,LinkML gen-harmony
snomedct:264096004,Medial segment,EnumSpatialQualifiers,,,264096004,Medial segment,http://snomed.info/id/,LinkML gen-harmony
snomedct:264103001,Midtarsal,EnumSpatialQualifiers,,,264103001,Midtarsal,http://snomed.info/id/,LinkML gen-harmony
snomedct:264107000,Paravertebral,EnumSpatialQualifiers,,,264107000,Paravertebral,http://snomed.info/id/,LinkML gen-harmony
snomedct:264110007,Esophagocolonic (qualifier value),EnumSpatialQualifiers,,,264110007,Esophagocolonic (qualifier value),http://snomed.info/id/,LinkML gen-harmony
snomedct:264111006,Esophagogastric (qualifier value),EnumSpatialQualifiers,,,264111006,Esophagogastric (qualifier value),http://snomed.info/id/,LinkML gen-harmony
snomedct:264112004,Esophagojejunal (qualifier value),EnumSpatialQualifiers,,,264112004,Esophagojejunal (qualifier value),http://snomed.info/id/,LinkML gen-harmony
snomedct:264114003,Ostium,EnumSpatialQualifiers,,,264114003,Ostium,http://snomed.info/id/,LinkML gen-harmony
snomedct:264117005,Paraesophageal (qualifier value),EnumSpatialQualifiers,,,264117005,Paraesophageal (qualifier value),http://snomed.info/id/,LinkML gen-harmony
snomedct:264118000,Paraduodenal,EnumSpatialQualifiers,,,264118000,Paraduodenal,http://snomed.info/id/,LinkML gen-harmony
snomedct:264119008,Parafoveal,EnumSpatialQualifiers,,,264119008,Parafoveal,http://snomed.info/id/,LinkML gen-harmony
snomedct:264121003,Paramacular,EnumSpatialQualifiers,,,264121003,Paramacular,http://snomed.info/id/,LinkML gen-harmony
snomedct:264123000,Paraseptal,EnumSpatialQualifiers,,,264123000,Paraseptal,http://snomed.info/id/,LinkML gen-harmony
snomedct:264124006,Paraumbilical,EnumSpatialQualifiers,,,264124006,Paraumbilical,http://snomed.info/id/,LinkML gen-harmony
snomedct:264126008,Paravascular,EnumSpatialQualifiers,,,264126008,Paravascular,http://snomed.info/id/,LinkML gen-harmony
snomedct:264127004,Paraovarian,EnumSpatialQualifiers,,,264127004,Paraovarian,http://snomed.info/id/,LinkML gen-harmony
snomedct:264128009,Paratracheal,EnumSpatialQualifiers,,,264128009,Paratracheal,http://snomed.info/id/,LinkML gen-harmony
snomedct:264131005,Peri-intestinal,EnumSpatialQualifiers,,,264131005,Peri-intestinal,http://snomed.info/id/,LinkML gen-harmony
snomedct:264133008,Perianal,EnumSpatialQualifiers,,,264133008,Perianal,http://snomed.info/id/,LinkML gen-harmony
snomedct:264136000,Perihepatic,EnumSpatialQualifiers,,,264136000,Perihepatic,http://snomed.info/id/,LinkML gen-harmony
snomedct:264137009,Perinephric,EnumSpatialQualifiers,,,264137009,Perinephric,http://snomed.info/id/,LinkML gen-harmony
snomedct:264139007,Peripancreatic,EnumSpatialQualifiers,,,264139007,Peripancreatic,http://snomed.info/id/,LinkML gen-harmony
snomedct:264142001,Perisplenic,EnumSpatialQualifiers,,,264142001,Perisplenic,http://snomed.info/id/,LinkML gen-harmony
snomedct:264153007,Posterior pole,EnumSpatialQualifiers,,,264153007,Posterior pole,http://snomed.info/id/,LinkML gen-harmony
snomedct:264154001,Posterior segment,EnumSpatialQualifiers,,,264154001,Posterior segment,http://snomed.info/id/,LinkML gen-harmony
snomedct:264159006,Posterior wall,EnumSpatialQualifiers,,,264159006,Posterior wall,http://snomed.info/id/,LinkML gen-harmony
snomedct:264168008,Rectocloacal,EnumSpatialQualifiers,,,264168008,Rectocloacal,http://snomed.info/id/,LinkML gen-harmony
snomedct:264169000,Rectocutaneous,EnumSpatialQualifiers,,,264169000,Rectocutaneous,http://snomed.info/id/,LinkML gen-harmony
snomedct:264170004,Rectourethral,EnumSpatialQualifiers,,,264170004,Rectourethral,http://snomed.info/id/,LinkML gen-harmony
snomedct:264171000,Rectovaginal,EnumSpatialQualifiers,,,264171000,Rectovaginal,http://snomed.info/id/,LinkML gen-harmony
snomedct:264172007,Rectovesical,EnumSpatialQualifiers,,,264172007,Rectovesical,http://snomed.info/id/,LinkML gen-harmony
snomedct:264173002,Rectovulval,EnumSpatialQualifiers,,,264173002,Rectovulval,http://snomed.info/id/,LinkML gen-harmony
snomedct:264174008,Retromammary,EnumSpatialQualifiers,,,264174008,Retromammary,http://snomed.info/id/,LinkML gen-harmony
snomedct:264175009,Retrocolumellar,EnumSpatialQualifiers,,,264175009,Retrocolumellar,http://snomed.info/id/,LinkML gen-harmony
snomedct:264176005,Right anterior,EnumSpatialQualifiers,,,264176005,Right anterior,http://snomed.info/id/,LinkML gen-harmony
snomedct:264178006,Right lateral wall,EnumSpatialQualifiers,,,264178006,Right lateral wall,http://snomed.info/id/,LinkML gen-harmony
snomedct:264179003,Right side-by-side,EnumSpatialQualifiers,,,264179003,Right side-by-side,http://snomed.info/id/,LinkML gen-harmony
snomedct:264180000,Right sided,EnumSpatialQualifiers,,,264180000,Right sided,http://snomed.info/id/,LinkML gen-harmony
snomedct:264193005,Segment,EnumSpatialQualifiers,,,264193005,Segment,http://snomed.info/id/,LinkML gen-harmony
snomedct:264201006,Sternocostal,EnumSpatialQualifiers,,,264201006,Sternocostal,http://snomed.info/id/,LinkML gen-harmony
snomedct:264202004,Subaortic,EnumSpatialQualifiers,,,264202004,Subaortic,http://snomed.info/id/,LinkML gen-harmony
snomedct:264205002,Subareolar,EnumSpatialQualifiers,,,264205002,Subareolar,http://snomed.info/id/,LinkML gen-harmony
snomedct:264206001,Subconjunctival,EnumSpatialQualifiers,,,264206001,Subconjunctival,http://snomed.info/id/,LinkML gen-harmony
snomedct:264208000,Subcostal,EnumSpatialQualifiers,,,264208000,Subcostal,http://snomed.info/id/,LinkML gen-harmony
snomedct:264209008,Subfoveal,EnumSpatialQualifiers,,,264209008,Subfoveal,http://snomed.info/id/,LinkML gen-harmony
snomedct:264216009,Superficial to rectus abdominis,EnumSpatialQualifiers,,,264216009,Superficial to rectus abdominis,http://snomed.info/id/,LinkML gen-harmony
snomedct:264217000,Superior,EnumSpatialQualifiers,,,264217000,Superior,http://snomed.info/id/,LinkML gen-harmony
snomedct:264221007,Supraumbilical,EnumSpatialQualifiers,,,264221007,Supraumbilical,http://snomed.info/id/,LinkML gen-harmony
snomedct:264222000,Supracardiac,EnumSpatialQualifiers,,,264222000,Supracardiac,http://snomed.info/id/,LinkML gen-harmony
snomedct:264224004,Supraglottic,EnumSpatialQualifiers,,,264224004,Supraglottic,http://snomed.info/id/,LinkML gen-harmony
snomedct:264225003,Suprahepatic,EnumSpatialQualifiers,,,264225003,Suprahepatic,http://snomed.info/id/,LinkML gen-harmony
snomedct:264227006,Tarsometatarsal,EnumSpatialQualifiers,,,264227006,Tarsometatarsal,http://snomed.info/id/,LinkML gen-harmony
snomedct:264232007,Thoracolumbar,EnumSpatialQualifiers,,,264232007,Thoracolumbar,http://snomed.info/id/,LinkML gen-harmony
snomedct:264245006,Upper left parasternal,EnumSpatialQualifiers,,,264245006,Upper left parasternal,http://snomed.info/id/,LinkML gen-harmony
snomedct:264253003,Upper third,EnumSpatialQualifiers,,,264253003,Upper third,http://snomed.info/id/,LinkML gen-harmony
snomedct:264261008,Cholecystoduodenal,EnumSpatialQualifiers,,,264261008,Cholecystoduodenal,http://snomed.info/id/,LinkML gen-harmony
snomedct:264262001,Cholecystenteric (qualifier value),EnumSpatialQualifiers,,,264262001,Cholecystenteric (qualifier value),http://snomed.info/id/,LinkML gen-harmony
snomedct:264263006,Cholecystogastric,EnumSpatialQualifiers,,,264263006,Cholecystogastric,http://snomed.info/id/,LinkML gen-harmony
snomedct:264264000,Choledochoduodenal,EnumSpatialQualifiers,,,264264000,Choledochoduodenal,http://snomed.info/id/,LinkML gen-harmony
snomedct:264266003,Colocolic,EnumSpatialQualifiers,,,264266003,Colocolic,http://snomed.info/id/,LinkML gen-harmony
snomedct:264267007,Colorectal,EnumSpatialQualifiers,,,264267007,Colorectal,http://snomed.info/id/,LinkML gen-harmony
snomedct:264463009,Epitrochlear,EnumSpatialQualifiers,,,264463009,Epitrochlear,http://snomed.info/id/,LinkML gen-harmony
snomedct:264940008,Under inferior bridging leaflet,EnumSpatialQualifiers,,,264940008,Under inferior bridging leaflet,http://snomed.info/id/,LinkML gen-harmony
snomedct:264941007,Under superior bridging leaflet,EnumSpatialQualifiers,,,264941007,Under superior bridging leaflet,http://snomed.info/id/,LinkML gen-harmony
snomedct:272288000,Onlay,EnumSpatialQualifiers,,,272288000,Onlay,http://snomed.info/id/,LinkML gen-harmony
snomedct:272425003,General site descriptor,EnumSpatialQualifiers,,,272425003,General site descriptor,http://snomed.info/id/,LinkML gen-harmony
snomedct:272427006,Anatomical part descriptor,EnumSpatialQualifiers,,,272427006,Anatomical part descriptor,http://snomed.info/id/,LinkML gen-harmony
snomedct:272428001,Anatomical third,EnumSpatialQualifiers,,,272428001,Anatomical third,http://snomed.info/id/,LinkML gen-harmony
snomedct:272429009,Part structure,EnumSpatialQualifiers,,,272429009,Part structure,http://snomed.info/id/,LinkML gen-harmony
snomedct:272430004,Column structure,EnumSpatialQualifiers,,,272430004,Column structure,http://snomed.info/id/,LinkML gen-harmony
snomedct:272431000,Segment structure,EnumSpatialQualifiers,,,272431000,Segment structure,http://snomed.info/id/,LinkML gen-harmony
snomedct:272432007,Wall structure,EnumSpatialQualifiers,,,272432007,Wall structure,http://snomed.info/id/,LinkML gen-harmony
snomedct:272434008,Anatomical relationship descriptor,EnumSpatialQualifiers,,,272434008,Anatomical relationship descriptor,http://snomed.info/id/,LinkML gen-harmony
snomedct:272435009,Centri-location,EnumSpatialQualifiers,,,272435009,Centri-location,http://snomed.info/id/,LinkML gen-harmony
snomedct:272436005,Circum-location,EnumSpatialQualifiers,,,272436005,Circum-location,http://snomed.info/id/,LinkML gen-harmony
snomedct:272437001,Extra-location,EnumSpatialQualifiers,,,272437001,Extra-location,http://snomed.info/id/,LinkML gen-harmony
snomedct:272438006,Extrapleural,EnumSpatialQualifiers,,,272438006,Extrapleural,http://snomed.info/id/,LinkML gen-harmony
snomedct:272439003,Infra-location,EnumSpatialQualifiers,,,272439003,Infra-location,http://snomed.info/id/,LinkML gen-harmony
snomedct:272440001,Inter-location,EnumSpatialQualifiers,,,272440001,Inter-location,http://snomed.info/id/,LinkML gen-harmony
snomedct:272441002,Intra-location,EnumSpatialQualifiers,,,272441002,Intra-location,http://snomed.info/id/,LinkML gen-harmony
snomedct:272442009,Mid-location,EnumSpatialQualifiers,,,272442009,Mid-location,http://snomed.info/id/,LinkML gen-harmony
snomedct:272443004,Pan-location,EnumSpatialQualifiers,,,272443004,Pan-location,http://snomed.info/id/,LinkML gen-harmony
snomedct:272444005,Para-location,EnumSpatialQualifiers,,,272444005,Para-location,http://snomed.info/id/,LinkML gen-harmony
snomedct:272446007,Per-location,EnumSpatialQualifiers,,,272446007,Per-location,http://snomed.info/id/,LinkML gen-harmony
snomedct:272447003,Peri-location,EnumSpatialQualifiers,,,272447003,Peri-location,http://snomed.info/id/,LinkML gen-harmony
snomedct:272448008,Post-location,EnumSpatialQualifiers,,,272448008,Post-location,http://snomed.info/id/,LinkML gen-harmony
snomedct:272449000,Pre-location,EnumSpatialQualifiers,,,272449000,Pre-location,http://snomed.info/id/,LinkML gen-harmony
snomedct:272450000,Retro-location,EnumSpatialQualifiers,,,272450000,Retro-location,http://snomed.info/id/,LinkML gen-harmony
snomedct:272451001,Sub-location,EnumSpatialQualifiers,,,272451001,Sub-location,http://snomed.info/id/,LinkML gen-harmony
snomedct:272452008,Supra-location,EnumSpatialQualifiers,,,272452008,Supra-location,http://snomed.info/id/,LinkML gen-harmony
snomedct:272455005,Inferosuperior projection,EnumSpatialQualifiers,,,272455005,Inferosuperior projection,http://snomed.info/id/,LinkML gen-harmony
snomedct:272456006,Apical projection,EnumSpatialQualifiers,,,272456006,Apical projection,http://snomed.info/id/,LinkML gen-harmony
snomedct:272457002,Vertical projection,EnumSpatialQualifiers,,,272457002,Vertical projection,http://snomed.info/id/,LinkML gen-harmony
snomedct:272458007,Prone projection,EnumSpatialQualifiers,,,272458007,Prone projection,http://snomed.info/id/,LinkML gen-harmony
snomedct:272459004,Supine projection,EnumSpatialQualifiers,,,272459004,Supine projection,http://snomed.info/id/,LinkML gen-harmony
snomedct:272460009,Anterior projection,EnumSpatialQualifiers,,,272460009,Anterior projection,http://snomed.info/id/,LinkML gen-harmony
snomedct:272461008,Right posterior projection,EnumSpatialQualifiers,,,272461008,Right posterior projection,http://snomed.info/id/,LinkML gen-harmony
snomedct:272462001,Left posterior projection,EnumSpatialQualifiers,,,272462001,Left posterior projection,http://snomed.info/id/,LinkML gen-harmony
snomedct:272464000,Perorbital projection,EnumSpatialQualifiers,,,272464000,Perorbital projection,http://snomed.info/id/,LinkML gen-harmony
snomedct:272465004,Temporomandibular joint projection,EnumSpatialQualifiers,,,272465004,Temporomandibular joint projection,http://snomed.info/id/,LinkML gen-harmony
snomedct:272466003,Optic foramen projection,EnumSpatialQualifiers,,,272466003,Optic foramen projection,http://snomed.info/id/,LinkML gen-harmony
snomedct:272467007,Lateral facial skeleton projection,EnumSpatialQualifiers,,,272467007,Lateral facial skeleton projection,http://snomed.info/id/,LinkML gen-harmony
snomedct:272468002,Ear projection,EnumSpatialQualifiers,,,272468002,Ear projection,http://snomed.info/id/,LinkML gen-harmony
snomedct:272469005,Mid face projection,EnumSpatialQualifiers,,,272469005,Mid face projection,http://snomed.info/id/,LinkML gen-harmony
snomedct:272470006,Cervical spine projection,EnumSpatialQualifiers,,,272470006,Cervical spine projection,http://snomed.info/id/,LinkML gen-harmony
snomedct:272472003,Macro projection,EnumSpatialQualifiers,,,272472003,Macro projection,http://snomed.info/id/,LinkML gen-harmony
snomedct:272473008,Outlet projection,EnumSpatialQualifiers,,,272473008,Outlet projection,http://snomed.info/id/,LinkML gen-harmony
snomedct:272474002,Swimmer's projection,EnumSpatialQualifiers,,,272474002,Swimmer's projection,http://snomed.info/id/,LinkML gen-harmony
snomedct:272475001,Tibial tuberosity projection,EnumSpatialQualifiers,,,272475001,Tibial tuberosity projection,http://snomed.info/id/,LinkML gen-harmony
snomedct:272476000,Transthoracic projection,EnumSpatialQualifiers,,,272476000,Transthoracic projection,http://snomed.info/id/,LinkML gen-harmony
snomedct:272478004,Transcranial projection,EnumSpatialQualifiers,,,272478004,Transcranial projection,http://snomed.info/id/,LinkML gen-harmony
snomedct:272479007,Posteroanterior projection,EnumSpatialQualifiers,,,272479007,Posteroanterior projection,http://snomed.info/id/,LinkML gen-harmony
snomedct:272480005,Horizontal projection,EnumSpatialQualifiers,,,272480005,Horizontal projection,http://snomed.info/id/,LinkML gen-harmony
snomedct:272481009,Erect projection,EnumSpatialQualifiers,,,272481009,Erect projection,http://snomed.info/id/,LinkML gen-harmony
snomedct:272482002,Adduction projection,EnumSpatialQualifiers,,,272482002,Adduction projection,http://snomed.info/id/,LinkML gen-harmony
snomedct:272483007,True projection,EnumSpatialQualifiers,,,272483007,True projection,http://snomed.info/id/,LinkML gen-harmony
snomedct:272484001,Contralateral projection,EnumSpatialQualifiers,,,272484001,Contralateral projection,http://snomed.info/id/,LinkML gen-harmony
snomedct:272485000,Clockface position,EnumSpatialQualifiers,,,272485000,Clockface position,http://snomed.info/id/,LinkML gen-harmony
snomedct:272486004,Trans-direction,EnumSpatialQualifiers,,,272486004,Trans-direction,http://snomed.info/id/,LinkML gen-harmony
snomedct:272487008,Into-structure,EnumSpatialQualifiers,,,272487008,Into-structure,http://snomed.info/id/,LinkML gen-harmony
snomedct:272488003,From-structure,EnumSpatialQualifiers,,,272488003,From-structure,http://snomed.info/id/,LinkML gen-harmony
snomedct:272489006,Via values,EnumSpatialQualifiers,,,272489006,Via values,http://snomed.info/id/,LinkML gen-harmony
snomedct:272496008,Via incision,EnumSpatialQualifiers,,,272496008,Via incision,http://snomed.info/id/,LinkML gen-harmony
snomedct:276749003,Epi-location,EnumSpatialQualifiers,,,276749003,Epi-location,http://snomed.info/id/,LinkML gen-harmony
snomedct:276825009,Overlapping sites,EnumSpatialQualifiers,,,276825009,Overlapping sites,http://snomed.info/id/,LinkML gen-harmony
snomedct:276979001,Aortoiliac,EnumSpatialQualifiers,,,276979001,Aortoiliac,http://snomed.info/id/,LinkML gen-harmony
snomedct:277292000,Endo-location,EnumSpatialQualifiers,,,277292000,Endo-location,http://snomed.info/id/,LinkML gen-harmony
snomedct:277407002,Deep locations,EnumSpatialQualifiers,,,277407002,Deep locations,http://snomed.info/id/,LinkML gen-harmony
snomedct:277409004,Superficial locations,EnumSpatialQualifiers,,,277409004,Superficial locations,http://snomed.info/id/,LinkML gen-harmony
snomedct:277410009,Anterior locations,EnumSpatialQualifiers,,,277410009,Anterior locations,http://snomed.info/id/,LinkML gen-harmony
snomedct:277411008,Posterior locations,EnumSpatialQualifiers,,,277411008,Posterior locations,http://snomed.info/id/,LinkML gen-harmony
snomedct:277412001,Proximal locations,EnumSpatialQualifiers,,,277412001,Proximal locations,http://snomed.info/id/,LinkML gen-harmony
snomedct:277413006,Distal locations,EnumSpatialQualifiers,,,277413006,Distal locations,http://snomed.info/id/,LinkML gen-harmony
snomedct:277414000,Between locations,EnumSpatialQualifiers,,,277414000,Between locations,http://snomed.info/id/,LinkML gen-harmony
snomedct:277415004,Above locations,EnumSpatialQualifiers,,,277415004,Above locations,http://snomed.info/id/,LinkML gen-harmony
snomedct:277593009,Right posterior,EnumSpatialQualifiers,,,277593009,Right posterior,http://snomed.info/id/,LinkML gen-harmony
snomedct:277594003,Left posterior,EnumSpatialQualifiers,,,277594003,Left posterior,http://snomed.info/id/,LinkML gen-harmony
snomedct:277681008,Intrastomal,EnumSpatialQualifiers,,,277681008,Intrastomal,http://snomed.info/id/,LinkML gen-harmony
snomedct:277685004,Tubo-ovarian,EnumSpatialQualifiers,,,277685004,Tubo-ovarian,http://snomed.info/id/,LinkML gen-harmony
snomedct:277686003,Peritubular,EnumSpatialQualifiers,,,277686003,Peritubular,http://snomed.info/id/,LinkML gen-harmony
snomedct:277806003,Sidedness,EnumSpatialQualifiers,,,277806003,Sidedness,http://snomed.info/id/,LinkML gen-harmony
snomedct:278227002,Limited structures,EnumSpatialQualifiers,,,278227002,Limited structures,http://snomed.info/id/,LinkML gen-harmony
snomedct:278255003,Posterior projection,EnumSpatialQualifiers,,,278255003,Posterior projection,http://snomed.info/id/,LinkML gen-harmony
snomedct:278267001,Abduction projection,EnumSpatialQualifiers,,,278267001,Abduction projection,http://snomed.info/id/,LinkML gen-harmony
snomedct:278318001,Transorbital projection,EnumSpatialQualifiers,,,278318001,Transorbital projection,http://snomed.info/id/,LinkML gen-harmony
snomedct:278701003,Periumbilical,EnumSpatialQualifiers,,,278701003,Periumbilical,http://snomed.info/id/,LinkML gen-harmony
snomedct:278702005,Transumbilical,EnumSpatialQualifiers,,,278702005,Transumbilical,http://snomed.info/id/,LinkML gen-harmony
snomedct:285418008,Subcuticular,EnumSpatialQualifiers,,,285418008,Subcuticular,http://snomed.info/id/,LinkML gen-harmony
snomedct:298107004,Orthotopic,EnumSpatialQualifiers,,,298107004,Orthotopic,http://snomed.info/id/,LinkML gen-harmony
snomedct:298108009,Heterotopic,EnumSpatialQualifiers,,,298108009,Heterotopic,http://snomed.info/id/,LinkML gen-harmony
snomedct:298109001,Ectopic,EnumSpatialQualifiers,,,298109001,Ectopic,http://snomed.info/id/,LinkML gen-harmony
snomedct:303218009,Subfascial,EnumSpatialQualifiers,,,303218009,Subfascial,http://snomed.info/id/,LinkML gen-harmony
snomedct:303231004,Intracranial,EnumSpatialQualifiers,,,303231004,Intracranial,http://snomed.info/id/,LinkML gen-harmony
snomedct:303232006,Extracranial,EnumSpatialQualifiers,,,303232006,Extracranial,http://snomed.info/id/,LinkML gen-harmony
snomedct:303483009,Subcranial,EnumSpatialQualifiers,,,303483009,Subcranial,http://snomed.info/id/,LinkML gen-harmony
snomedct:304047000,Transannular,EnumSpatialQualifiers,,,304047000,Transannular,http://snomed.info/id/,LinkML gen-harmony
snomedct:304059001,Endocardial,EnumSpatialQualifiers,,,304059001,Endocardial,http://snomed.info/id/,LinkML gen-harmony
snomedct:306766009,Low - site descriptor,EnumSpatialQualifiers,,,306766009,Low - site descriptor,http://snomed.info/id/,LinkML gen-harmony
snomedct:306767000,High - site descriptor,EnumSpatialQualifiers,,,306767000,High - site descriptor,http://snomed.info/id/,LinkML gen-harmony
snomedct:312206004,Periapical,EnumSpatialQualifiers,,,312206004,Periapical,http://snomed.info/id/,LinkML gen-harmony
snomedct:3583002,Caudal,EnumSpatialQualifiers,,,3583002,Caudal,http://snomed.info/id/,LinkML gen-harmony
snomedct:373863008,Intracavitary,EnumSpatialQualifiers,,,373863008,Intracavitary,http://snomed.info/id/,LinkML gen-harmony
snomedct:397406000,Collateral branch of vessel,EnumSpatialQualifiers,,,397406000,Collateral branch of vessel,http://snomed.info/id/,LinkML gen-harmony
snomedct:397421006,Vessel origin,EnumSpatialQualifiers,,,397421006,Vessel origin,http://snomed.info/id/,LinkML gen-harmony
snomedct:398236008,Intrauterine,EnumSpatialQualifiers,,,398236008,Intrauterine,http://snomed.info/id/,LinkML gen-harmony
snomedct:398994001,Five chamber view,EnumSpatialQualifiers,,,398994001,Five chamber view,http://snomed.info/id/,LinkML gen-harmony
snomedct:398996004,Leonard-George projection,EnumSpatialQualifiers,,,398996004,Leonard-George projection,http://snomed.info/id/,LinkML gen-harmony
snomedct:398998003,Right ventricular inflow tract view,EnumSpatialQualifiers,,,398998003,Right ventricular inflow tract view,http://snomed.info/id/,LinkML gen-harmony
snomedct:399000008,Mayer projection,EnumSpatialQualifiers,,,399000008,Mayer projection,http://snomed.info/id/,LinkML gen-harmony
snomedct:399001007,Posterior emissive projection,EnumSpatialQualifiers,,,399001007,Posterior emissive projection,http://snomed.info/id/,LinkML gen-harmony
snomedct:399002000,Nolke projection,EnumSpatialQualifiers,,,399002000,Nolke projection,http://snomed.info/id/,LinkML gen-harmony
snomedct:399003005,Hughston projection,EnumSpatialQualifiers,,,399003005,Hughston projection,http://snomed.info/id/,LinkML gen-harmony
snomedct:399004004,Oblique axial projection,EnumSpatialQualifiers,,,399004004,Oblique axial projection,http://snomed.info/id/,LinkML gen-harmony
snomedct:399005003,Miller projection,EnumSpatialQualifiers,,,399005003,Miller projection,http://snomed.info/id/,LinkML gen-harmony
snomedct:399006002,Left posterior oblique projection,EnumSpatialQualifiers,,,399006002,Left posterior oblique projection,http://snomed.info/id/,LinkML gen-harmony
snomedct:399011000,Axillary tail mammography view,EnumSpatialQualifiers,,,399011000,Axillary tail mammography view,http://snomed.info/id/,LinkML gen-harmony
snomedct:399012007,Medial-lateral emissive projection,EnumSpatialQualifiers,,,399012007,Medial-lateral emissive projection,http://snomed.info/id/,LinkML gen-harmony
snomedct:399013002,Chassard-Lapin projection,EnumSpatialQualifiers,,,399013002,Chassard-Lapin projection,http://snomed.info/id/,LinkML gen-harmony
snomedct:399022001,Pirie projection,EnumSpatialQualifiers,,,399022001,Pirie projection,http://snomed.info/id/,LinkML gen-harmony
snomedct:399024000,May projection,EnumSpatialQualifiers,,,399024000,May projection,http://snomed.info/id/,LinkML gen-harmony
snomedct:399025004,Ischerwood projection,EnumSpatialQualifiers,,,399025004,Ischerwood projection,http://snomed.info/id/,LinkML gen-harmony
snomedct:399026003,Zanelli projection,EnumSpatialQualifiers,,,399026003,Zanelli projection,http://snomed.info/id/,LinkML gen-harmony
snomedct:399028002,Clements projection,EnumSpatialQualifiers,,,399028002,Clements projection,http://snomed.info/id/,LinkML gen-harmony
snomedct:399033003,Frontal projection,EnumSpatialQualifiers,,,399033003,Frontal projection,http://snomed.info/id/,LinkML gen-harmony
snomedct:399036006,Parasternal short axis view at the mitral valve level,EnumSpatialQualifiers,,,399036006,Parasternal short axis view at the mitral valve level,http://snomed.info/id/,LinkML gen-harmony
snomedct:399037002,Lewis projection,EnumSpatialQualifiers,,,399037002,Lewis projection,http://snomed.info/id/,LinkML gen-harmony
snomedct:399038007,Right posterior oblique projection,EnumSpatialQualifiers,,,399038007,Right posterior oblique projection,http://snomed.info/id/,LinkML gen-harmony
snomedct:399043000,Cardiac imaging views,EnumSpatialQualifiers,,,399043000,Cardiac imaging views,http://snomed.info/id/,LinkML gen-harmony
snomedct:399059000,Postero-anterior oblique projection,EnumSpatialQualifiers,,,399059000,Postero-anterior oblique projection,http://snomed.info/id/,LinkML gen-harmony
snomedct:399061009,Axial projection,EnumSpatialQualifiers,,,399061009,Axial projection,http://snomed.info/id/,LinkML gen-harmony
snomedct:399065000,Causton projection,EnumSpatialQualifiers,,,399065000,Causton projection,http://snomed.info/id/,LinkML gen-harmony
snomedct:399067008,Lateral projection,EnumSpatialQualifiers,,,399067008,Lateral projection,http://snomed.info/id/,LinkML gen-harmony
snomedct:399071006,Plantodorsal projection,EnumSpatialQualifiers,,,399071006,Plantodorsal projection,http://snomed.info/id/,LinkML gen-harmony
snomedct:399073009,Fuchs projection,EnumSpatialQualifiers,,,399073009,Fuchs projection,http://snomed.info/id/,LinkML gen-harmony
snomedct:399074003,Left anterior oblique emissive projection,EnumSpatialQualifiers,,,399074003,Left anterior oblique emissive projection,http://snomed.info/id/,LinkML gen-harmony
snomedct:399075002,Right posterior oblique emissive projection,EnumSpatialQualifiers,,,399075002,Right posterior oblique emissive projection,http://snomed.info/id/,LinkML gen-harmony
snomedct:399080006,Kuchendorf projection,EnumSpatialQualifiers,,,399080006,Kuchendorf projection,http://snomed.info/id/,LinkML gen-harmony
snomedct:399082003,Gaynor-Hart projection,EnumSpatialQualifiers,,,399082003,Gaynor-Hart projection,http://snomed.info/id/,LinkML gen-harmony
snomedct:399083008,Hsieh projection,EnumSpatialQualifiers,,,399083008,Hsieh projection,http://snomed.info/id/,LinkML gen-harmony
snomedct:399089007,Oblique axial emissive projection,EnumSpatialQualifiers,,,399089007,Oblique axial emissive projection,http://snomed.info/id/,LinkML gen-harmony
snomedct:399098005,Staunig projection,EnumSpatialQualifiers,,,399098005,Staunig projection,http://snomed.info/id/,LinkML gen-harmony
snomedct:399099002,Latero-medial oblique projection,EnumSpatialQualifiers,,,399099002,Latero-medial oblique projection,http://snomed.info/id/,LinkML gen-harmony
snomedct:399101009,Cranio-caudal projection exaggerated medially,EnumSpatialQualifiers,,,399101009,Cranio-caudal projection exaggerated medially,http://snomed.info/id/,LinkML gen-harmony
snomedct:399103007,Friedman projection,EnumSpatialQualifiers,,,399103007,Friedman projection,http://snomed.info/id/,LinkML gen-harmony
snomedct:399106004,Suprasternal long axis view,EnumSpatialQualifiers,,,399106004,Suprasternal long axis view,http://snomed.info/id/,LinkML gen-harmony
snomedct:399108003,Right anterior oblique emissive projection,EnumSpatialQualifiers,,,399108003,Right anterior oblique emissive projection,http://snomed.info/id/,LinkML gen-harmony
snomedct:399110001,Tangential projection,EnumSpatialQualifiers,,,399110001,Tangential projection,http://snomed.info/id/,LinkML gen-harmony
snomedct:399113004,Eponymous projection,EnumSpatialQualifiers,,,399113004,Eponymous projection,http://snomed.info/id/,LinkML gen-harmony
snomedct:399118008,Left lateral emissive projection,EnumSpatialQualifiers,,,399118008,Left lateral emissive projection,http://snomed.info/id/,LinkML gen-harmony
snomedct:399125001,Twining projection,EnumSpatialQualifiers,,,399125001,Twining projection,http://snomed.info/id/,LinkML gen-harmony
snomedct:399127009,Teufel projection,EnumSpatialQualifiers,,,399127009,Teufel projection,http://snomed.info/id/,LinkML gen-harmony
snomedct:399129007,Holly projection,EnumSpatialQualifiers,,,399129007,Holly projection,http://snomed.info/id/,LinkML gen-harmony
snomedct:399130002,West Point projection,EnumSpatialQualifiers,,,399130002,West Point projection,http://snomed.info/id/,LinkML gen-harmony
snomedct:399132005,Frontal-oblique axial projection,EnumSpatialQualifiers,,,399132005,Frontal-oblique axial projection,http://snomed.info/id/,LinkML gen-harmony
snomedct:399135007,Left anterior oblique projection,EnumSpatialQualifiers,,,399135007,Left anterior oblique projection,http://snomed.info/id/,LinkML gen-harmony
snomedct:399136008,Left posterior oblique emissive projection,EnumSpatialQualifiers,,,399136008,Left posterior oblique emissive projection,http://snomed.info/id/,LinkML gen-harmony
snomedct:399138009,Penner projection,EnumSpatialQualifiers,,,399138009,Penner projection,http://snomed.info/id/,LinkML gen-harmony
snomedct:399139001,Parasternal long axis view,EnumSpatialQualifiers,,,399139001,Parasternal long axis view,http://snomed.info/id/,LinkML gen-harmony
snomedct:399142007,Albers-Schönberg projection,EnumSpatialQualifiers,,,399142007,Albers-Schönberg projection,http://snomed.info/id/,LinkML gen-harmony
snomedct:399145009,Suprasternal short axis view,EnumSpatialQualifiers,,,399145009,Suprasternal short axis view,http://snomed.info/id/,LinkML gen-harmony
snomedct:399146005,Grashey projection,EnumSpatialQualifiers,,,399146005,Grashey projection,http://snomed.info/id/,LinkML gen-harmony
snomedct:399148006,Chamberlain projection,EnumSpatialQualifiers,,,399148006,Chamberlain projection,http://snomed.info/id/,LinkML gen-harmony
snomedct:399152006,Kandel projection,EnumSpatialQualifiers,,,399152006,Kandel projection,http://snomed.info/id/,LinkML gen-harmony
snomedct:399156009,Laquerriere-Pierquin projection,EnumSpatialQualifiers,,,399156009,Laquerriere-Pierquin projection,http://snomed.info/id/,LinkML gen-harmony
snomedct:399157000,Norgaard's projection,EnumSpatialQualifiers,,,399157000,Norgaard's projection,http://snomed.info/id/,LinkML gen-harmony
snomedct:399159002,Latero-medial oblique emissive projection,EnumSpatialQualifiers,,,399159002,Latero-medial oblique emissive projection,http://snomed.info/id/,LinkML gen-harmony
snomedct:399160007,Frontal oblique projection,EnumSpatialQualifiers,,,399160007,Frontal oblique projection,http://snomed.info/id/,LinkML gen-harmony
snomedct:399161006,Cleavage mammography view,EnumSpatialQualifiers,,,399161006,Cleavage mammography view,http://snomed.info/id/,LinkML gen-harmony
snomedct:399162004,Cranio-caudal projection,EnumSpatialQualifiers,,,399162004,Cranio-caudal projection,http://snomed.info/id/,LinkML gen-harmony
snomedct:399163009,Magnified projection,EnumSpatialQualifiers,,,399163009,Magnified projection,http://snomed.info/id/,LinkML gen-harmony
snomedct:399168000,Hough projection,EnumSpatialQualifiers,,,399168000,Hough projection,http://snomed.info/id/,LinkML gen-harmony
snomedct:399169008,Lauenstein projection,EnumSpatialQualifiers,,,399169008,Lauenstein projection,http://snomed.info/id/,LinkML gen-harmony
snomedct:399171008,Ottonello projection,EnumSpatialQualifiers,,,399171008,Ottonello projection,http://snomed.info/id/,LinkML gen-harmony
snomedct:399173006,Left lateral projection,EnumSpatialQualifiers,,,399173006,Left lateral projection,http://snomed.info/id/,LinkML gen-harmony
snomedct:399179005,Lawrence projection,EnumSpatialQualifiers,,,399179005,Lawrence projection,http://snomed.info/id/,LinkML gen-harmony
snomedct:399181007,Pawlow projection,EnumSpatialQualifiers,,,399181007,Pawlow projection,http://snomed.info/id/,LinkML gen-harmony
snomedct:399182000,Oblique projection,EnumSpatialQualifiers,,,399182000,Oblique projection,http://snomed.info/id/,LinkML gen-harmony
snomedct:399184004,Left oblique projection,EnumSpatialQualifiers,,,399184004,Left oblique projection,http://snomed.info/id/,LinkML gen-harmony
snomedct:399188001,Superolateral to inferomedial oblique projection,EnumSpatialQualifiers,,,399188001,Superolateral to inferomedial oblique projection,http://snomed.info/id/,LinkML gen-harmony
snomedct:399192008,Cranio-caudal projection exaggerated laterally,EnumSpatialQualifiers,,,399192008,Cranio-caudal projection exaggerated laterally,http://snomed.info/id/,LinkML gen-harmony
snomedct:399195005,Right ventricular outflow tract view,EnumSpatialQualifiers,,,399195005,Right ventricular outflow tract view,http://snomed.info/id/,LinkML gen-harmony
snomedct:399196006,Caudo-cranial projection,EnumSpatialQualifiers,,,399196006,Caudo-cranial projection,http://snomed.info/id/,LinkML gen-harmony
snomedct:399198007,Right lateral projection,EnumSpatialQualifiers,,,399198007,Right lateral projection,http://snomed.info/id/,LinkML gen-harmony
snomedct:399199004,Henschen projection,EnumSpatialQualifiers,,,399199004,Henschen projection,http://snomed.info/id/,LinkML gen-harmony
snomedct:399200001,Subcostal short axis view,EnumSpatialQualifiers,,,399200001,Subcostal short axis view,http://snomed.info/id/,LinkML gen-harmony
snomedct:399201002,Judd projection,EnumSpatialQualifiers,,,399201002,Judd projection,http://snomed.info/id/,LinkML gen-harmony
snomedct:399206007,Law projection,EnumSpatialQualifiers,,,399206007,Law projection,http://snomed.info/id/,LinkML gen-harmony
snomedct:399212002,Camp-Coventry projection,EnumSpatialQualifiers,,,399212002,Camp-Coventry projection,http://snomed.info/id/,LinkML gen-harmony
snomedct:399214001,Apical four chamber view,EnumSpatialQualifiers,,,399214001,Apical four chamber view,http://snomed.info/id/,LinkML gen-harmony
snomedct:399215000,Wigby-Taylor projection,EnumSpatialQualifiers,,,399215000,Wigby-Taylor projection,http://snomed.info/id/,LinkML gen-harmony
snomedct:399218003,Arcelin projection,EnumSpatialQualifiers,,,399218003,Arcelin projection,http://snomed.info/id/,LinkML gen-harmony
snomedct:399225005,Oblique caudo-cranial projection,EnumSpatialQualifiers,,,399225005,Oblique caudo-cranial projection,http://snomed.info/id/,LinkML gen-harmony
snomedct:399227002,Kemp Harper projection,EnumSpatialQualifiers,,,399227002,Kemp Harper projection,http://snomed.info/id/,LinkML gen-harmony
snomedct:399232001,Apical two chamber view,EnumSpatialQualifiers,,,399232001,Apical two chamber view,http://snomed.info/id/,LinkML gen-harmony
snomedct:399234000,Rhese projection,EnumSpatialQualifiers,,,399234000,Rhese projection,http://snomed.info/id/,LinkML gen-harmony
snomedct:399236003,Right oblique projection,EnumSpatialQualifiers,,,399236003,Right oblique projection,http://snomed.info/id/,LinkML gen-harmony
snomedct:399237007,Alexander projection,EnumSpatialQualifiers,,,399237007,Alexander projection,http://snomed.info/id/,LinkML gen-harmony
snomedct:399239005,Parasternal short axis view at the aortic valve level,EnumSpatialQualifiers,,,399239005,Parasternal short axis view at the aortic valve level,http://snomed.info/id/,LinkML gen-harmony
snomedct:399241006,Titterington projection,EnumSpatialQualifiers,,,399241006,Titterington projection,http://snomed.info/id/,LinkML gen-harmony
snomedct:399242004,Acanthioparietal projection,EnumSpatialQualifiers,,,399242004,Acanthioparietal projection,http://snomed.info/id/,LinkML gen-harmony
snomedct:399243009,Settegast projection,EnumSpatialQualifiers,,,399243009,Settegast projection,http://snomed.info/id/,LinkML gen-harmony
snomedct:399245002,Cleaves projection,EnumSpatialQualifiers,,,399245002,Cleaves projection,http://snomed.info/id/,LinkML gen-harmony
snomedct:399246001,Blackett-Healy projection,EnumSpatialQualifiers,,,399246001,Blackett-Healy projection,http://snomed.info/id/,LinkML gen-harmony
snomedct:399247005,Tarrant projection,EnumSpatialQualifiers,,,399247005,Tarrant projection,http://snomed.info/id/,LinkML gen-harmony
snomedct:399251007,Lorenz projection,EnumSpatialQualifiers,,,399251007,Lorenz projection,http://snomed.info/id/,LinkML gen-harmony
snomedct:399255003,Submentovertical projection,EnumSpatialQualifiers,,,399255003,Submentovertical projection,http://snomed.info/id/,LinkML gen-harmony
snomedct:399260004,Mediolateral projection,EnumSpatialQualifiers,,,399260004,Mediolateral projection,http://snomed.info/id/,LinkML gen-harmony
snomedct:399263002,Beclere projection,EnumSpatialQualifiers,,,399263002,Beclere projection,http://snomed.info/id/,LinkML gen-harmony
snomedct:399265009,Exaggerated cranio-caudal projection,EnumSpatialQualifiers,,,399265009,Exaggerated cranio-caudal projection,http://snomed.info/id/,LinkML gen-harmony
snomedct:399268006,Medio-lateral oblique emissive projection,EnumSpatialQualifiers,,,399268006,Medio-lateral oblique emissive projection,http://snomed.info/id/,LinkML gen-harmony
snomedct:399270002,Towne's projection,EnumSpatialQualifiers,,,399270002,Towne's projection,http://snomed.info/id/,LinkML gen-harmony
snomedct:399271003,Parasternal short axis view at the papillary muscle level,EnumSpatialQualifiers,,,399271003,Parasternal short axis view at the papillary muscle level,http://snomed.info/id/,LinkML gen-harmony
snomedct:399272005,Parietoacanthial projection,EnumSpatialQualifiers,,,399272005,Parietoacanthial projection,http://snomed.info/id/,LinkML gen-harmony
snomedct:399273000,Sagittal-oblique axial emissive projection,EnumSpatialQualifiers,,,399273000,Sagittal-oblique axial emissive projection,http://snomed.info/id/,LinkML gen-harmony
snomedct:399277004,Hickey projection,EnumSpatialQualifiers,,,399277004,Hickey projection,http://snomed.info/id/,LinkML gen-harmony
snomedct:399278009,Cahoon projection,EnumSpatialQualifiers,,,399278009,Cahoon projection,http://snomed.info/id/,LinkML gen-harmony
snomedct:399280003,Kasabach projection,EnumSpatialQualifiers,,,399280003,Kasabach projection,http://snomed.info/id/,LinkML gen-harmony
snomedct:399281004,Fleischner projection,EnumSpatialQualifiers,,,399281004,Fleischner projection,http://snomed.info/id/,LinkML gen-harmony
snomedct:399284007,Merchant projection,EnumSpatialQualifiers,,,399284007,Merchant projection,http://snomed.info/id/,LinkML gen-harmony
snomedct:399285008,Holmblad projection,EnumSpatialQualifiers,,,399285008,Holmblad projection,http://snomed.info/id/,LinkML gen-harmony
snomedct:399288005,Oblique cranio-caudal projection,EnumSpatialQualifiers,,,399288005,Oblique cranio-caudal projection,http://snomed.info/id/,LinkML gen-harmony
snomedct:399290006,Schüller projection,EnumSpatialQualifiers,,,399290006,Schüller projection,http://snomed.info/id/,LinkML gen-harmony
snomedct:399292003,Stecher projection,EnumSpatialQualifiers,,,399292003,Stecher projection,http://snomed.info/id/,LinkML gen-harmony
snomedct:399296000,Taylor projection,EnumSpatialQualifiers,,,399296000,Taylor projection,http://snomed.info/id/,LinkML gen-harmony
snomedct:399297009,Right lateral emissive projection,EnumSpatialQualifiers,,,399297009,Right lateral emissive projection,http://snomed.info/id/,LinkML gen-harmony
snomedct:399300004,Lateral-medial emissive projection,EnumSpatialQualifiers,,,399300004,Lateral-medial emissive projection,http://snomed.info/id/,LinkML gen-harmony
snomedct:399303002,Dunlap projection,EnumSpatialQualifiers,,,399303002,Dunlap projection,http://snomed.info/id/,LinkML gen-harmony
snomedct:399306005,Parasternal short axis view,EnumSpatialQualifiers,,,399306005,Parasternal short axis view,http://snomed.info/id/,LinkML gen-harmony
snomedct:399308006,Lindblom projection,EnumSpatialQualifiers,,,399308006,Lindblom projection,http://snomed.info/id/,LinkML gen-harmony
snomedct:399310008,Subcostal long axis view,EnumSpatialQualifiers,,,399310008,Subcostal long axis view,http://snomed.info/id/,LinkML gen-harmony
snomedct:399311007,Grandy projection,EnumSpatialQualifiers,,,399311007,Grandy projection,http://snomed.info/id/,LinkML gen-harmony
snomedct:399312000,Antero-posterior oblique projection,EnumSpatialQualifiers,,,399312000,Antero-posterior oblique projection,http://snomed.info/id/,LinkML gen-harmony
snomedct:399313005,Swanson projection,EnumSpatialQualifiers,,,399313005,Swanson projection,http://snomed.info/id/,LinkML gen-harmony
snomedct:399316002,Parieto-orbital projection,EnumSpatialQualifiers,,,399316002,Parieto-orbital projection,http://snomed.info/id/,LinkML gen-harmony
snomedct:399318001,Kovacs projection,EnumSpatialQualifiers,,,399318001,Kovacs projection,http://snomed.info/id/,LinkML gen-harmony
snomedct:399320003,Clements-Nakayama projection,EnumSpatialQualifiers,,,399320003,Clements-Nakayama projection,http://snomed.info/id/,LinkML gen-harmony
snomedct:399321004,Anterior emissive projection,EnumSpatialQualifiers,,,399321004,Anterior emissive projection,http://snomed.info/id/,LinkML gen-harmony
snomedct:399325008,Sagittal-oblique axial projection,EnumSpatialQualifiers,,,399325008,Sagittal-oblique axial projection,http://snomed.info/id/,LinkML gen-harmony
snomedct:399327000,Low-Beer projection,EnumSpatialQualifiers,,,399327000,Low-Beer projection,http://snomed.info/id/,LinkML gen-harmony
snomedct:399330007,Valdini projection,EnumSpatialQualifiers,,,399330007,Valdini projection,http://snomed.info/id/,LinkML gen-harmony
snomedct:399332004,Kurzbauer projection,EnumSpatialQualifiers,,,399332004,Kurzbauer projection,http://snomed.info/id/,LinkML gen-harmony
snomedct:399335002,Dorsoplantar projection,EnumSpatialQualifiers,,,399335002,Dorsoplantar projection,http://snomed.info/id/,LinkML gen-harmony
snomedct:399339008,Apical long axis,EnumSpatialQualifiers,,,399339008,Apical long axis,http://snomed.info/id/,LinkML gen-harmony
snomedct:399341009,Haas projection,EnumSpatialQualifiers,,,399341009,Haas projection,http://snomed.info/id/,LinkML gen-harmony
snomedct:399342002,Lilienfeld projection,EnumSpatialQualifiers,,,399342002,Lilienfeld projection,http://snomed.info/id/,LinkML gen-harmony
snomedct:399344001,Broden projection,EnumSpatialQualifiers,,,399344001,Broden projection,http://snomed.info/id/,LinkML gen-harmony
snomedct:399348003,Antero-posterior projection,EnumSpatialQualifiers,,,399348003,Antero-posterior projection,http://snomed.info/id/,LinkML gen-harmony
snomedct:399349006,Stenver's projection,EnumSpatialQualifiers,,,399349006,Stenver's projection,http://snomed.info/id/,LinkML gen-harmony
snomedct:399351005,Orbito-parietal projection,EnumSpatialQualifiers,,,399351005,Orbito-parietal projection,http://snomed.info/id/,LinkML gen-harmony
snomedct:399352003,Lateral-medial projection,EnumSpatialQualifiers,,,399352003,Lateral-medial projection,http://snomed.info/id/,LinkML gen-harmony
snomedct:399355001,Chausse projection,EnumSpatialQualifiers,,,399355001,Chausse projection,http://snomed.info/id/,LinkML gen-harmony
snomedct:399356000,Right anterior oblique projection,EnumSpatialQualifiers,,,399356000,Right anterior oblique projection,http://snomed.info/id/,LinkML gen-harmony
snomedct:399358004,Caldwell projection,EnumSpatialQualifiers,,,399358004,Caldwell projection,http://snomed.info/id/,LinkML gen-harmony
snomedct:399360002,Verticosubmental projection,EnumSpatialQualifiers,,,399360002,Verticosubmental projection,http://snomed.info/id/,LinkML gen-harmony
snomedct:399361003,Nuclear medicine projection,EnumSpatialQualifiers,,,399361003,Nuclear medicine projection,http://snomed.info/id/,LinkML gen-harmony
snomedct:399362005,Bertel projection,EnumSpatialQualifiers,,,399362005,Bertel projection,http://snomed.info/id/,LinkML gen-harmony
snomedct:399365007,Pearson projection,EnumSpatialQualifiers,,,399365007,Pearson projection,http://snomed.info/id/,LinkML gen-harmony
snomedct:399368009,Medio-lateral oblique projection,EnumSpatialQualifiers,,,399368009,Medio-lateral oblique projection,http://snomed.info/id/,LinkML gen-harmony
snomedct:399370000,Lysholm projection,EnumSpatialQualifiers,,,399370000,Lysholm projection,http://snomed.info/id/,LinkML gen-harmony
snomedct:399371001,Parasternal short axis view at the level of the mitral chords,EnumSpatialQualifiers,,,399371001,Parasternal short axis view at the level of the mitral chords,http://snomed.info/id/,LinkML gen-harmony
snomedct:399372008,Ferguson projection,EnumSpatialQualifiers,,,399372008,Ferguson projection,http://snomed.info/id/,LinkML gen-harmony
snomedct:399488007,Midline (qualifier value),EnumSpatialQualifiers,,,399488007,Midline (qualifier value),http://snomed.info/id/,LinkML gen-harmony
snomedct:408723005,Cranial LAO,EnumSpatialQualifiers,,,408723005,Cranial LAO,http://snomed.info/id/,LinkML gen-harmony
snomedct:408724004,Caudal LAO,EnumSpatialQualifiers,,,408724004,Caudal LAO,http://snomed.info/id/,LinkML gen-harmony
snomedct:408725003,Cranial RAO,EnumSpatialQualifiers,,,408725003,Cranial RAO,http://snomed.info/id/,LinkML gen-harmony
snomedct:408726002,Caudal RAO,EnumSpatialQualifiers,,,408726002,Caudal RAO,http://snomed.info/id/,LinkML gen-harmony
snomedct:421610009,Bottom,EnumSpatialQualifiers,,,421610009,Bottom,http://snomed.info/id/,LinkML gen-harmony
snomedct:421812003,Top,EnumSpatialQualifiers,,,421812003,Top,http://snomed.info/id/,LinkML gen-harmony
snomedct:422534007,Rafert-Long projection,EnumSpatialQualifiers,,,422534007,Rafert-Long projection,http://snomed.info/id/,LinkML gen-harmony
snomedct:422568001,Moore projection,EnumSpatialQualifiers,,,422568001,Moore projection,http://snomed.info/id/,LinkML gen-harmony
snomedct:422670003,Apple projection,EnumSpatialQualifiers,,,422670003,Apple projection,http://snomed.info/id/,LinkML gen-harmony
snomedct:422795009,Neer projection,EnumSpatialQualifiers,,,422795009,Neer projection,http://snomed.info/id/,LinkML gen-harmony
snomedct:422861003,Burman projection,EnumSpatialQualifiers,,,422861003,Burman projection,http://snomed.info/id/,LinkML gen-harmony
snomedct:422954003,Stryker projection,EnumSpatialQualifiers,,,422954003,Stryker projection,http://snomed.info/id/,LinkML gen-harmony
snomedct:422996004,Wolf projection,EnumSpatialQualifiers,,,422996004,Wolf projection,http://snomed.info/id/,LinkML gen-harmony
snomedct:423091003,Colcher-Sussman projection,EnumSpatialQualifiers,,,423091003,Colcher-Sussman projection,http://snomed.info/id/,LinkML gen-harmony
snomedct:423720000,Rafer projection,EnumSpatialQualifiers,,,423720000,Rafer projection,http://snomed.info/id/,LinkML gen-harmony
snomedct:424086005,Hirtz Modification projection,EnumSpatialQualifiers,,,424086005,Hirtz Modification projection,http://snomed.info/id/,LinkML gen-harmony
snomedct:424655003,Eraso Modification projection,EnumSpatialQualifiers,,,424655003,Eraso Modification projection,http://snomed.info/id/,LinkML gen-harmony
snomedct:424811006,Danelius-Miller projection,EnumSpatialQualifiers,,,424811006,Danelius-Miller projection,http://snomed.info/id/,LinkML gen-harmony
snomedct:424962005,Fisk projection,EnumSpatialQualifiers,,,424962005,Fisk projection,http://snomed.info/id/,LinkML gen-harmony
snomedct:425030002,Kite projection,EnumSpatialQualifiers,,,425030002,Kite projection,http://snomed.info/id/,LinkML gen-harmony
snomedct:425035007,Robert projection,EnumSpatialQualifiers,,,425035007,Robert projection,http://snomed.info/id/,LinkML gen-harmony
snomedct:425042007,Rosenberg projection,EnumSpatialQualifiers,,,425042007,Rosenberg projection,http://snomed.info/id/,LinkML gen-harmony
snomedct:425157002,Folio projection,EnumSpatialQualifiers,,,425157002,Folio projection,http://snomed.info/id/,LinkML gen-harmony
snomedct:425188003,Garth projection,EnumSpatialQualifiers,,,425188003,Garth projection,http://snomed.info/id/,LinkML gen-harmony
snomedct:441505008,Dorsopalmar projection,EnumSpatialQualifiers,,,441505008,Dorsopalmar projection,http://snomed.info/id/,LinkML gen-harmony
snomedct:441555000,Inferomedial to superolateral oblique view,EnumSpatialQualifiers,,,441555000,Inferomedial to superolateral oblique view,http://snomed.info/id/,LinkML gen-harmony
snomedct:441672003,Dorso-ventral projection,EnumSpatialQualifiers,,,441672003,Dorso-ventral projection,http://snomed.info/id/,LinkML gen-harmony
snomedct:441753009,Mammography view,EnumSpatialQualifiers,,,441753009,Mammography view,http://snomed.info/id/,LinkML gen-harmony
snomedct:442361004,Stereoscopic view,EnumSpatialQualifiers,,,442361004,Stereoscopic view,http://snomed.info/id/,LinkML gen-harmony
snomedct:442441009,Ventro-dorsal projection,EnumSpatialQualifiers,,,442441009,Ventro-dorsal projection,http://snomed.info/id/,LinkML gen-harmony
snomedct:442580003,Axillary tissue mammography view,EnumSpatialQualifiers,,,442580003,Axillary tissue mammography view,http://snomed.info/id/,LinkML gen-harmony
snomedct:442581004,Nipple in profile mammography view,EnumSpatialQualifiers,,,442581004,Nipple in profile mammography view,http://snomed.info/id/,LinkML gen-harmony
snomedct:442593008,Infra-mammary fold mammography view,EnumSpatialQualifiers,,,442593008,Infra-mammary fold mammography view,http://snomed.info/id/,LinkML gen-harmony
snomedct:442594002,Right stereoscopic view,EnumSpatialQualifiers,,,442594002,Right stereoscopic view,http://snomed.info/id/,LinkML gen-harmony
snomedct:442640004,Left stereoscopic view,EnumSpatialQualifiers,,,442640004,Left stereoscopic view,http://snomed.info/id/,LinkML gen-harmony
snomedct:442653001,Stereoscopic view incremented from baseline,EnumSpatialQualifiers,,,442653001,Stereoscopic view incremented from baseline,http://snomed.info/id/,LinkML gen-harmony
snomedct:442667005,Stereoscopic view decremented from baseline,EnumSpatialQualifiers,,,442667005,Stereoscopic view decremented from baseline,http://snomed.info/id/,LinkML gen-harmony
snomedct:443082005,Parasternal long axis view of right ventricular inflow tract,EnumSpatialQualifiers,,,443082005,Parasternal long axis view of right ventricular inflow tract,http://snomed.info/id/,LinkML gen-harmony
snomedct:443083000,Parasternal long axis view of right ventricular outflow tract,EnumSpatialQualifiers,,,443083000,Parasternal long axis view of right ventricular outflow tract,http://snomed.info/id/,LinkML gen-harmony
snomedct:443100003,Subcostal view of cardiac outlets directed anteriorly,EnumSpatialQualifiers,,,443100003,Subcostal view of cardiac outlets directed anteriorly,http://snomed.info/id/,LinkML gen-harmony
snomedct:443160001,Subcostal short axis view at papillary muscle level,EnumSpatialQualifiers,,,443160001,Subcostal short axis view at papillary muscle level,http://snomed.info/id/,LinkML gen-harmony
snomedct:443162009,Suprasternal coronal view,EnumSpatialQualifiers,,,443162009,Suprasternal coronal view,http://snomed.info/id/,LinkML gen-harmony
snomedct:443163004,Suprasternal sagittal view,EnumSpatialQualifiers,,,443163004,Suprasternal sagittal view,http://snomed.info/id/,LinkML gen-harmony
snomedct:443293000,Transgastric short axis view,EnumSpatialQualifiers,,,443293000,Transgastric short axis view,http://snomed.info/id/,LinkML gen-harmony
snomedct:443459002,Intramedullary,EnumSpatialQualifiers,,,443459002,Intramedullary,http://snomed.info/id/,LinkML gen-harmony
snomedct:443499004,Subcostal short axis view at mitral valve level,EnumSpatialQualifiers,,,443499004,Subcostal short axis view at mitral valve level,http://snomed.info/id/,LinkML gen-harmony
snomedct:443500008,Subcostal short axis view at venous inflow level,EnumSpatialQualifiers,,,443500008,Subcostal short axis view at venous inflow level,http://snomed.info/id/,LinkML gen-harmony
snomedct:443562002,Suprasternal long axis view of aortic arch,EnumSpatialQualifiers,,,443562002,Suprasternal long axis view of aortic arch,http://snomed.info/id/,LinkML gen-harmony
snomedct:443609003,Subcostal short axis view at aortic valve level,EnumSpatialQualifiers,,,443609003,Subcostal short axis view at aortic valve level,http://snomed.info/id/,LinkML gen-harmony
snomedct:443640005,Subcostal oblique coronal view,EnumSpatialQualifiers,,,443640005,Subcostal oblique coronal view,http://snomed.info/id/,LinkML gen-harmony
snomedct:443662005,Transesophageal four chamber view (qualifier value),EnumSpatialQualifiers,,,443662005,Transesophageal four chamber view (qualifier value),http://snomed.info/id/,LinkML gen-harmony
snomedct:443698002,Transesophageal short axis view (qualifier value),EnumSpatialQualifiers,,,443698002,Transesophageal short axis view (qualifier value),http://snomed.info/id/,LinkML gen-harmony
snomedct:65424008,Contiguous,EnumSpatialQualifiers,,,65424008,Contiguous,http://snomed.info/id/,LinkML gen-harmony
snomedct:66459002,Unilateral,EnumSpatialQualifiers,,,66459002,Unilateral,http://snomed.info/id/,LinkML gen-harmony
snomedct:72906007,Common,EnumSpatialQualifiers,,,72906007,Common,http://snomed.info/id/,LinkML gen-harmony
snomedct:741000124103,Dorsoventral,EnumSpatialQualifiers,,,741000124103,Dorsoventral,http://snomed.info/id/,LinkML gen-harmony
snomedct:761000124104,Dorsolateral,EnumSpatialQualifiers,,,761000124104,Dorsolateral,http://snomed.info/id/,LinkML gen-harmony
snomedct:771000124106,Ventrolateral,EnumSpatialQualifiers,,,771000124106,Ventrolateral,http://snomed.info/id/,LinkML gen-harmony
snomedct:781000124109,Palmar,EnumSpatialQualifiers,,,781000124109,Palmar,http://snomed.info/id/,LinkML gen-harmony
edam:format_1915,Format,EnumEDAMFormats,,,format_1915,Format,http://edamontology.org/,LinkML gen-harmony
edam:format_1196,SMILES,EnumEDAMFormats,,,format_1196,SMILES,http://edamontology.org/,LinkML gen-harmony
edam:format_1197,InChI,EnumEDAMFormats,,,format_1197,InChI,http://edamontology.org/,LinkML gen-harmony
edam:format_1198,mf,EnumEDAMFormats,,,format_1198,mf,http://edamontology.org/,LinkML gen-harmony
edam:format_1199,InChIKey,EnumEDAMFormats,,,format_1199,InChIKey,http://edamontology.org/,LinkML gen-harmony
edam:format_1200,smarts,EnumEDAMFormats,,,format_1200,smarts,http://edamontology.org/,LinkML gen-harmony
edam:format_1206,unambiguous pure,EnumEDAMFormats,,,format_1206,unambiguous pure,http://edamontology.org/,LinkML gen-harmony
edam:format_1207,nucleotide,EnumEDAMFormats,,,format_1207,nucleotide,http://edamontology.org/,LinkML gen-harmony
edam:format_1208,protein,EnumEDAMFormats,,,format_1208,protein,http://edamontology.org/,LinkML gen-harmony
edam:format_1209,consensus,EnumEDAMFormats,,,format_1209,consensus,http://edamontology.org/,LinkML gen-harmony
edam:format_1210,pure nucleotide,EnumEDAMFormats,,,format_1210,pure nucleotide,http://edamontology.org/,LinkML gen-harmony
edam:format_1211,unambiguous pure nucleotide,EnumEDAMFormats,,,format_1211,unambiguous pure nucleotide,http://edamontology.org/,LinkML gen-harmony
edam:format_1212,dna,EnumEDAMFormats,,,format_1212,dna,http://edamontology.org/,LinkML gen-harmony
edam:format_1213,rna,EnumEDAMFormats,,,format_1213,rna,http://edamontology.org/,LinkML gen-harmony
edam:format_1214,unambiguous pure dna,EnumEDAMFormats,,,format_1214,unambiguous pure dna,http://edamontology.org/,LinkML gen-harmony
edam:format_1215,pure dna,EnumEDAMFormats,,,format_1215,pure dna,http://edamontology.org/,LinkML gen-harmony
edam:format_1216,unambiguous pure rna sequence,EnumEDAMFormats,,,format_1216,unambiguous pure rna sequence,http://edamontology.org/,LinkML gen-harmony
edam:format_1217,pure rna,EnumEDAMFormats,,,format_1217,pure rna,http://edamontology.org/,LinkML gen-harmony
edam:format_1218,unambiguous pure protein,EnumEDAMFormats,,,format_1218,unambiguous pure protein,http://edamontology.org/,LinkML gen-harmony
edam:format_1219,pure protein,EnumEDAMFormats,,,format_1219,pure protein,http://edamontology.org/,LinkML gen-harmony
edam:format_1248,EMBL feature location,EnumEDAMFormats,,,format_1248,EMBL feature location,http://edamontology.org/,LinkML gen-harmony
edam:format_1295,quicktandem,EnumEDAMFormats,,,format_1295,quicktandem,http://edamontology.org/,LinkML gen-harmony
edam:format_1296,Sanger inverted repeats,EnumEDAMFormats,,,format_1296,Sanger inverted repeats,http://edamontology.org/,LinkML gen-harmony
edam:format_1297,EMBOSS repeat,EnumEDAMFormats,,,format_1297,EMBOSS repeat,http://edamontology.org/,LinkML gen-harmony
edam:format_1316,est2genome format,EnumEDAMFormats,,,format_1316,est2genome format,http://edamontology.org/,LinkML gen-harmony
edam:format_1318,restrict format,EnumEDAMFormats,,,format_1318,restrict format,http://edamontology.org/,LinkML gen-harmony
edam:format_1319,restover format,EnumEDAMFormats,,,format_1319,restover format,http://edamontology.org/,LinkML gen-harmony
edam:format_1320,REBASE restriction sites,EnumEDAMFormats,,,format_1320,REBASE restriction sites,http://edamontology.org/,LinkML gen-harmony
edam:format_1332,FASTA search results format,EnumEDAMFormats,,,format_1332,FASTA search results format,http://edamontology.org/,LinkML gen-harmony
edam:format_1333,BLAST results,EnumEDAMFormats,,,format_1333,BLAST results,http://edamontology.org/,LinkML gen-harmony
edam:format_1334,mspcrunch,EnumEDAMFormats,,,format_1334,mspcrunch,http://edamontology.org/,LinkML gen-harmony
edam:format_1335,Smith-Waterman format,EnumEDAMFormats,,,format_1335,Smith-Waterman format,http://edamontology.org/,LinkML gen-harmony
edam:format_1336,dhf,EnumEDAMFormats,,,format_1336,dhf,http://edamontology.org/,LinkML gen-harmony
edam:format_1337,lhf,EnumEDAMFormats,,,format_1337,lhf,http://edamontology.org/,LinkML gen-harmony
edam:format_1341,InterPro hits format,EnumEDAMFormats,,,format_1341,InterPro hits format,http://edamontology.org/,LinkML gen-harmony
edam:format_1342,InterPro protein view report format,EnumEDAMFormats,,,format_1342,InterPro protein view report format,http://edamontology.org/,LinkML gen-harmony
edam:format_1343,InterPro match table format,EnumEDAMFormats,,,format_1343,InterPro match table format,http://edamontology.org/,LinkML gen-harmony
edam:format_1349,HMMER Dirichlet prior,EnumEDAMFormats,,,format_1349,HMMER Dirichlet prior,http://edamontology.org/,LinkML gen-harmony
edam:format_1350,MEME Dirichlet prior,EnumEDAMFormats,,,format_1350,MEME Dirichlet prior,http://edamontology.org/,LinkML gen-harmony
edam:format_1351,HMMER emission and transition,EnumEDAMFormats,,,format_1351,HMMER emission and transition,http://edamontology.org/,LinkML gen-harmony
edam:format_1356,prosite-pattern,EnumEDAMFormats,,,format_1356,prosite-pattern,http://edamontology.org/,LinkML gen-harmony
edam:format_1357,EMBOSS sequence pattern,EnumEDAMFormats,,,format_1357,EMBOSS sequence pattern,http://edamontology.org/,LinkML gen-harmony
edam:format_1360,meme-motif,EnumEDAMFormats,,,format_1360,meme-motif,http://edamontology.org/,LinkML gen-harmony
edam:format_1366,prosite-profile,EnumEDAMFormats,,,format_1366,prosite-profile,http://edamontology.org/,LinkML gen-harmony
edam:format_1367,JASPAR format,EnumEDAMFormats,,,format_1367,JASPAR format,http://edamontology.org/,LinkML gen-harmony
edam:format_1369,MEME background Markov model,EnumEDAMFormats,,,format_1369,MEME background Markov model,http://edamontology.org/,LinkML gen-harmony
edam:format_1370,HMMER format,EnumEDAMFormats,,,format_1370,HMMER format,http://edamontology.org/,LinkML gen-harmony
edam:format_1391,HMMER-aln,EnumEDAMFormats,,,format_1391,HMMER-aln,http://edamontology.org/,LinkML gen-harmony
edam:format_1392,DIALIGN format,EnumEDAMFormats,,,format_1392,DIALIGN format,http://edamontology.org/,LinkML gen-harmony
edam:format_1393,daf,EnumEDAMFormats,,,format_1393,daf,http://edamontology.org/,LinkML gen-harmony
edam:format_1419,Sequence-MEME profile alignment,EnumEDAMFormats,,,format_1419,Sequence-MEME profile alignment,http://edamontology.org/,LinkML gen-harmony
edam:format_1421,HMMER profile alignment (sequences versus HMMs),EnumEDAMFormats,,,format_1421,HMMER profile alignment (sequences versus HMMs),http://edamontology.org/,LinkML gen-harmony
edam:format_1422,HMMER profile alignment (HMM versus sequences),EnumEDAMFormats,,,format_1422,HMMER profile alignment (HMM versus sequences),http://edamontology.org/,LinkML gen-harmony
edam:format_1423,Phylip distance matrix,EnumEDAMFormats,,,format_1423,Phylip distance matrix,http://edamontology.org/,LinkML gen-harmony
edam:format_1424,ClustalW dendrogram,EnumEDAMFormats,,,format_1424,ClustalW dendrogram,http://edamontology.org/,LinkML gen-harmony
edam:format_1425,Phylip tree raw,EnumEDAMFormats,,,format_1425,Phylip tree raw,http://edamontology.org/,LinkML gen-harmony
edam:format_1430,Phylip continuous quantitative characters,EnumEDAMFormats,,,format_1430,Phylip continuous quantitative characters,http://edamontology.org/,LinkML gen-harmony
edam:format_1432,Phylip character frequencies format,EnumEDAMFormats,,,format_1432,Phylip character frequencies format,http://edamontology.org/,LinkML gen-harmony
edam:format_1433,Phylip discrete states format,EnumEDAMFormats,,,format_1433,Phylip discrete states format,http://edamontology.org/,LinkML gen-harmony
edam:format_1434,Phylip cliques format,EnumEDAMFormats,,,format_1434,Phylip cliques format,http://edamontology.org/,LinkML gen-harmony
edam:format_1435,Phylip tree format,EnumEDAMFormats,,,format_1435,Phylip tree format,http://edamontology.org/,LinkML gen-harmony
edam:format_1436,TreeBASE format,EnumEDAMFormats,,,format_1436,TreeBASE format,http://edamontology.org/,LinkML gen-harmony
edam:format_1437,TreeFam format,EnumEDAMFormats,,,format_1437,TreeFam format,http://edamontology.org/,LinkML gen-harmony
edam:format_1445,Phylip tree distance format,EnumEDAMFormats,,,format_1445,Phylip tree distance format,http://edamontology.org/,LinkML gen-harmony
edam:format_1454,dssp,EnumEDAMFormats,,,format_1454,dssp,http://edamontology.org/,LinkML gen-harmony
edam:format_1455,hssp,EnumEDAMFormats,,,format_1455,hssp,http://edamontology.org/,LinkML gen-harmony
edam:format_1457,Dot-bracket format,EnumEDAMFormats,,,format_1457,Dot-bracket format,http://edamontology.org/,LinkML gen-harmony
edam:format_1458,Vienna local RNA secondary structure format,EnumEDAMFormats,,,format_1458,Vienna local RNA secondary structure format,http://edamontology.org/,LinkML gen-harmony
edam:format_1475,PDB database entry format,EnumEDAMFormats,,,format_1475,PDB database entry format,http://edamontology.org/,LinkML gen-harmony
edam:format_1476,PDB,EnumEDAMFormats,,,format_1476,PDB,http://edamontology.org/,LinkML gen-harmony
edam:format_1477,mmCIF,EnumEDAMFormats,,,format_1477,mmCIF,http://edamontology.org/,LinkML gen-harmony
edam:format_1478,PDBML,EnumEDAMFormats,,,format_1478,PDBML,http://edamontology.org/,LinkML gen-harmony
edam:format_1504,aaindex,EnumEDAMFormats,,,format_1504,aaindex,http://edamontology.org/,LinkML gen-harmony
edam:format_1551,Pcons report format,EnumEDAMFormats,,,format_1551,Pcons report format,http://edamontology.org/,LinkML gen-harmony
edam:format_1552,ProQ report format,EnumEDAMFormats,,,format_1552,ProQ report format,http://edamontology.org/,LinkML gen-harmony
edam:format_1582,findkm,EnumEDAMFormats,,,format_1582,findkm,http://edamontology.org/,LinkML gen-harmony
edam:format_1627,Primer3 primer,EnumEDAMFormats,,,format_1627,Primer3 primer,http://edamontology.org/,LinkML gen-harmony
edam:format_1628,ABI,EnumEDAMFormats,,,format_1628,ABI,http://edamontology.org/,LinkML gen-harmony
edam:format_1629,mira,EnumEDAMFormats,,,format_1629,mira,http://edamontology.org/,LinkML gen-harmony
edam:format_1630,CAF,EnumEDAMFormats,,,format_1630,CAF,http://edamontology.org/,LinkML gen-harmony
edam:format_1631,EXP,EnumEDAMFormats,,,format_1631,EXP,http://edamontology.org/,LinkML gen-harmony
edam:format_1632,SCF,EnumEDAMFormats,,,format_1632,SCF,http://edamontology.org/,LinkML gen-harmony
edam:format_1633,PHD,EnumEDAMFormats,,,format_1633,PHD,http://edamontology.org/,LinkML gen-harmony
edam:format_1637,dat,EnumEDAMFormats,,,format_1637,dat,http://edamontology.org/,LinkML gen-harmony
edam:format_1638,cel,EnumEDAMFormats,,,format_1638,cel,http://edamontology.org/,LinkML gen-harmony
edam:format_1639,affymetrix,EnumEDAMFormats,,,format_1639,affymetrix,http://edamontology.org/,LinkML gen-harmony
edam:format_1641,affymetrix-exp,EnumEDAMFormats,,,format_1641,affymetrix-exp,http://edamontology.org/,LinkML gen-harmony
edam:format_1644,CHP,EnumEDAMFormats,,,format_1644,CHP,http://edamontology.org/,LinkML gen-harmony
edam:format_1665,Taverna workflow format,EnumEDAMFormats,,,format_1665,Taverna workflow format,http://edamontology.org/,LinkML gen-harmony
edam:format_1705,HET group dictionary entry format,EnumEDAMFormats,,,format_1705,HET group dictionary entry format,http://edamontology.org/,LinkML gen-harmony
edam:format_1734,PubMed citation,EnumEDAMFormats,,,format_1734,PubMed citation,http://edamontology.org/,LinkML gen-harmony
edam:format_1735,Medline Display Format,EnumEDAMFormats,,,format_1735,Medline Display Format,http://edamontology.org/,LinkML gen-harmony
edam:format_1736,CiteXplore-core,EnumEDAMFormats,,,format_1736,CiteXplore-core,http://edamontology.org/,LinkML gen-harmony
edam:format_1737,CiteXplore-all,EnumEDAMFormats,,,format_1737,CiteXplore-all,http://edamontology.org/,LinkML gen-harmony
edam:format_1739,pmc,EnumEDAMFormats,,,format_1739,pmc,http://edamontology.org/,LinkML gen-harmony
edam:format_1740,iHOP format,EnumEDAMFormats,,,format_1740,iHOP format,http://edamontology.org/,LinkML gen-harmony
edam:format_1741,OSCAR format,EnumEDAMFormats,,,format_1741,OSCAR format,http://edamontology.org/,LinkML gen-harmony
edam:format_1861,PlasMapper TextMap,EnumEDAMFormats,,,format_1861,PlasMapper TextMap,http://edamontology.org/,LinkML gen-harmony
edam:format_1910,newick,EnumEDAMFormats,,,format_1910,newick,http://edamontology.org/,LinkML gen-harmony
edam:format_1911,TreeCon format,EnumEDAMFormats,,,format_1911,TreeCon format,http://edamontology.org/,LinkML gen-harmony
edam:format_1912,Nexus format,EnumEDAMFormats,,,format_1912,Nexus format,http://edamontology.org/,LinkML gen-harmony
edam:format_1919,Sequence record format,EnumEDAMFormats,,,format_1919,Sequence record format,http://edamontology.org/,LinkML gen-harmony
edam:format_1920,Sequence feature annotation format,EnumEDAMFormats,,,format_1920,Sequence feature annotation format,http://edamontology.org/,LinkML gen-harmony
edam:format_1921,Alignment format,EnumEDAMFormats,,,format_1921,Alignment format,http://edamontology.org/,LinkML gen-harmony
edam:format_1923,acedb,EnumEDAMFormats,,,format_1923,acedb,http://edamontology.org/,LinkML gen-harmony
edam:format_1925,codata,EnumEDAMFormats,,,format_1925,codata,http://edamontology.org/,LinkML gen-harmony
edam:format_1926,dbid,EnumEDAMFormats,,,format_1926,dbid,http://edamontology.org/,LinkML gen-harmony
edam:format_1927,EMBL format,EnumEDAMFormats,,,format_1927,EMBL format,http://edamontology.org/,LinkML gen-harmony
edam:format_1928,Staden experiment format,EnumEDAMFormats,,,format_1928,Staden experiment format,http://edamontology.org/,LinkML gen-harmony
edam:format_1929,FASTA,EnumEDAMFormats,,,format_1929,FASTA,http://edamontology.org/,LinkML gen-harmony
edam:format_1930,FASTQ,EnumEDAMFormats,,,format_1930,FASTQ,http://edamontology.org/,LinkML gen-harmony
edam:format_1931,FASTQ-illumina,EnumEDAMFormats,,,format_1931,FASTQ-illumina,http://edamontology.org/,LinkML gen-harmony
edam:format_1932,FASTQ-sanger,EnumEDAMFormats,,,format_1932,FASTQ-sanger,http://edamontology.org/,LinkML gen-harmony
edam:format_1933,FASTQ-solexa,EnumEDAMFormats,,,format_1933,FASTQ-solexa,http://edamontology.org/,LinkML gen-harmony
edam:format_1934,fitch program,EnumEDAMFormats,,,format_1934,fitch program,http://edamontology.org/,LinkML gen-harmony
edam:format_1935,GCG,EnumEDAMFormats,,,format_1935,GCG,http://edamontology.org/,LinkML gen-harmony
edam:format_1936,GenBank format,EnumEDAMFormats,,,format_1936,GenBank format,http://edamontology.org/,LinkML gen-harmony
edam:format_1937,genpept,EnumEDAMFormats,,,format_1937,genpept,http://edamontology.org/,LinkML gen-harmony
edam:format_1938,GFF2-seq,EnumEDAMFormats,,,format_1938,GFF2-seq,http://edamontology.org/,LinkML gen-harmony
edam:format_1939,GFF3-seq,EnumEDAMFormats,,,format_1939,GFF3-seq,http://edamontology.org/,LinkML gen-harmony
edam:format_1940,giFASTA format,EnumEDAMFormats,,,format_1940,giFASTA format,http://edamontology.org/,LinkML gen-harmony
edam:format_1941,hennig86,EnumEDAMFormats,,,format_1941,hennig86,http://edamontology.org/,LinkML gen-harmony
edam:format_1942,ig,EnumEDAMFormats,,,format_1942,ig,http://edamontology.org/,LinkML gen-harmony
edam:format_1943,igstrict,EnumEDAMFormats,,,format_1943,igstrict,http://edamontology.org/,LinkML gen-harmony
edam:format_1944,jackknifer,EnumEDAMFormats,,,format_1944,jackknifer,http://edamontology.org/,LinkML gen-harmony
edam:format_1945,mase format,EnumEDAMFormats,,,format_1945,mase format,http://edamontology.org/,LinkML gen-harmony
edam:format_1946,mega-seq,EnumEDAMFormats,,,format_1946,mega-seq,http://edamontology.org/,LinkML gen-harmony
edam:format_1947,GCG MSF,EnumEDAMFormats,,,format_1947,GCG MSF,http://edamontology.org/,LinkML gen-harmony
edam:format_1948,nbrf/pir,EnumEDAMFormats,,,format_1948,nbrf/pir,http://edamontology.org/,LinkML gen-harmony
edam:format_1949,nexus-seq,EnumEDAMFormats,,,format_1949,nexus-seq,http://edamontology.org/,LinkML gen-harmony
edam:format_1950,pdbatom,EnumEDAMFormats,,,format_1950,pdbatom,http://edamontology.org/,LinkML gen-harmony
edam:format_1951,pdbatomnuc,EnumEDAMFormats,,,format_1951,pdbatomnuc,http://edamontology.org/,LinkML gen-harmony
edam:format_1952,pdbseqresnuc,EnumEDAMFormats,,,format_1952,pdbseqresnuc,http://edamontology.org/,LinkML gen-harmony
edam:format_1953,pdbseqres,EnumEDAMFormats,,,format_1953,pdbseqres,http://edamontology.org/,LinkML gen-harmony
edam:format_1954,Pearson format,EnumEDAMFormats,,,format_1954,Pearson format,http://edamontology.org/,LinkML gen-harmony
edam:format_1957,raw,EnumEDAMFormats,,,format_1957,raw,http://edamontology.org/,LinkML gen-harmony
edam:format_1958,refseqp,EnumEDAMFormats,,,format_1958,refseqp,http://edamontology.org/,LinkML gen-harmony
edam:format_1960,Staden format,EnumEDAMFormats,,,format_1960,Staden format,http://edamontology.org/,LinkML gen-harmony
edam:format_1961,Stockholm format,EnumEDAMFormats,,,format_1961,Stockholm format,http://edamontology.org/,LinkML gen-harmony
edam:format_1962,strider format,EnumEDAMFormats,,,format_1962,strider format,http://edamontology.org/,LinkML gen-harmony
edam:format_1963,UniProtKB format,EnumEDAMFormats,,,format_1963,UniProtKB format,http://edamontology.org/,LinkML gen-harmony
edam:format_1964,plain text format (unformatted),EnumEDAMFormats,,,format_1964,plain text format (unformatted),http://edamontology.org/,LinkML gen-harmony
edam:format_1966,ASN.1 sequence format,EnumEDAMFormats,,,format_1966,ASN.1 sequence format,http://edamontology.org/,LinkML gen-harmony
edam:format_1967,DAS format,EnumEDAMFormats,,,format_1967,DAS format,http://edamontology.org/,LinkML gen-harmony
edam:format_1968,dasdna,EnumEDAMFormats,,,format_1968,dasdna,http://edamontology.org/,LinkML gen-harmony
edam:format_1969,debug-seq,EnumEDAMFormats,,,format_1969,debug-seq,http://edamontology.org/,LinkML gen-harmony
edam:format_1970,jackknifernon,EnumEDAMFormats,,,format_1970,jackknifernon,http://edamontology.org/,LinkML gen-harmony
edam:format_1972,NCBI format,EnumEDAMFormats,,,format_1972,NCBI format,http://edamontology.org/,LinkML gen-harmony
edam:format_1973,nexusnon,EnumEDAMFormats,,,format_1973,nexusnon,http://edamontology.org/,LinkML gen-harmony
edam:format_1974,GFF2,EnumEDAMFormats,,,format_1974,GFF2,http://edamontology.org/,LinkML gen-harmony
edam:format_1975,GFF3,EnumEDAMFormats,,,format_1975,GFF3,http://edamontology.org/,LinkML gen-harmony
edam:format_1978,DASGFF,EnumEDAMFormats,,,format_1978,DASGFF,http://edamontology.org/,LinkML gen-harmony
edam:format_1979,debug-feat,EnumEDAMFormats,,,format_1979,debug-feat,http://edamontology.org/,LinkML gen-harmony
edam:format_1982,ClustalW format,EnumEDAMFormats,,,format_1982,ClustalW format,http://edamontology.org/,LinkML gen-harmony
edam:format_1983,debug,EnumEDAMFormats,,,format_1983,debug,http://edamontology.org/,LinkML gen-harmony
edam:format_1984,FASTA-aln,EnumEDAMFormats,,,format_1984,FASTA-aln,http://edamontology.org/,LinkML gen-harmony
edam:format_1985,markx0,EnumEDAMFormats,,,format_1985,markx0,http://edamontology.org/,LinkML gen-harmony
edam:format_1986,markx1,EnumEDAMFormats,,,format_1986,markx1,http://edamontology.org/,LinkML gen-harmony
edam:format_1987,markx10,EnumEDAMFormats,,,format_1987,markx10,http://edamontology.org/,LinkML gen-harmony
edam:format_1988,markx2,EnumEDAMFormats,,,format_1988,markx2,http://edamontology.org/,LinkML gen-harmony
edam:format_1989,markx3,EnumEDAMFormats,,,format_1989,markx3,http://edamontology.org/,LinkML gen-harmony
edam:format_1990,match,EnumEDAMFormats,,,format_1990,match,http://edamontology.org/,LinkML gen-harmony
edam:format_1991,mega,EnumEDAMFormats,,,format_1991,mega,http://edamontology.org/,LinkML gen-harmony
edam:format_1992,meganon,EnumEDAMFormats,,,format_1992,meganon,http://edamontology.org/,LinkML gen-harmony
edam:format_1996,pair,EnumEDAMFormats,,,format_1996,pair,http://edamontology.org/,LinkML gen-harmony
edam:format_1997,PHYLIP format,EnumEDAMFormats,,,format_1997,PHYLIP format,http://edamontology.org/,LinkML gen-harmony
edam:format_1998,PHYLIP sequential,EnumEDAMFormats,,,format_1998,PHYLIP sequential,http://edamontology.org/,LinkML gen-harmony
edam:format_1999,scores format,EnumEDAMFormats,,,format_1999,scores format,http://edamontology.org/,LinkML gen-harmony
edam:format_2000,selex,EnumEDAMFormats,,,format_2000,selex,http://edamontology.org/,LinkML gen-harmony
edam:format_2001,EMBOSS simple format,EnumEDAMFormats,,,format_2001,EMBOSS simple format,http://edamontology.org/,LinkML gen-harmony
edam:format_2002,srs format,EnumEDAMFormats,,,format_2002,srs format,http://edamontology.org/,LinkML gen-harmony
edam:format_2003,srspair,EnumEDAMFormats,,,format_2003,srspair,http://edamontology.org/,LinkML gen-harmony
edam:format_2004,T-Coffee format,EnumEDAMFormats,,,format_2004,T-Coffee format,http://edamontology.org/,LinkML gen-harmony
edam:format_2005,TreeCon-seq,EnumEDAMFormats,,,format_2005,TreeCon-seq,http://edamontology.org/,LinkML gen-harmony
edam:format_2006,Phylogenetic tree format,EnumEDAMFormats,,,format_2006,Phylogenetic tree format,http://edamontology.org/,LinkML gen-harmony
edam:format_2013,Biological pathway or network format,EnumEDAMFormats,,,format_2013,Biological pathway or network format,http://edamontology.org/,LinkML gen-harmony
edam:format_2014,Sequence-profile alignment format,EnumEDAMFormats,,,format_2014,Sequence-profile alignment format,http://edamontology.org/,LinkML gen-harmony
edam:format_2017,Amino acid index format,EnumEDAMFormats,,,format_2017,Amino acid index format,http://edamontology.org/,LinkML gen-harmony
edam:format_2020,Article format,EnumEDAMFormats,,,format_2020,Article format,http://edamontology.org/,LinkML gen-harmony
edam:format_2021,Text mining report format,EnumEDAMFormats,,,format_2021,Text mining report format,http://edamontology.org/,LinkML gen-harmony
edam:format_2027,Enzyme kinetics report format,EnumEDAMFormats,,,format_2027,Enzyme kinetics report format,http://edamontology.org/,LinkML gen-harmony
edam:format_2030,Chemical data format,EnumEDAMFormats,,,format_2030,Chemical data format,http://edamontology.org/,LinkML gen-harmony
edam:format_2031,Gene annotation format,EnumEDAMFormats,,,format_2031,Gene annotation format,http://edamontology.org/,LinkML gen-harmony
edam:format_2032,Workflow format,EnumEDAMFormats,,,format_2032,Workflow format,http://edamontology.org/,LinkML gen-harmony
edam:format_2033,Tertiary structure format,EnumEDAMFormats,,,format_2033,Tertiary structure format,http://edamontology.org/,LinkML gen-harmony
edam:format_2035,Chemical formula format,EnumEDAMFormats,,,format_2035,Chemical formula format,http://edamontology.org/,LinkML gen-harmony
edam:format_2036,Phylogenetic character data format,EnumEDAMFormats,,,format_2036,Phylogenetic character data format,http://edamontology.org/,LinkML gen-harmony
edam:format_2037,Phylogenetic continuous quantitative character format,EnumEDAMFormats,,,format_2037,Phylogenetic continuous quantitative character format,http://edamontology.org/,LinkML gen-harmony
edam:format_2038,Phylogenetic discrete states format,EnumEDAMFormats,,,format_2038,Phylogenetic discrete states format,http://edamontology.org/,LinkML gen-harmony
edam:format_2039,Phylogenetic tree report (cliques) format,EnumEDAMFormats,,,format_2039,Phylogenetic tree report (cliques) format,http://edamontology.org/,LinkML gen-harmony
edam:format_2040,Phylogenetic tree report (invariants) format,EnumEDAMFormats,,,format_2040,Phylogenetic tree report (invariants) format,http://edamontology.org/,LinkML gen-harmony
edam:format_2049,Phylogenetic tree report (tree distances) format,EnumEDAMFormats,,,format_2049,Phylogenetic tree report (tree distances) format,http://edamontology.org/,LinkML gen-harmony
edam:format_2052,Protein family report format,EnumEDAMFormats,,,format_2052,Protein family report format,http://edamontology.org/,LinkML gen-harmony
edam:format_2054,Protein interaction format,EnumEDAMFormats,,,format_2054,Protein interaction format,http://edamontology.org/,LinkML gen-harmony
edam:format_2055,Sequence assembly format,EnumEDAMFormats,,,format_2055,Sequence assembly format,http://edamontology.org/,LinkML gen-harmony
edam:format_2056,Microarray experiment data format,EnumEDAMFormats,,,format_2056,Microarray experiment data format,http://edamontology.org/,LinkML gen-harmony
edam:format_2057,Sequence trace format,EnumEDAMFormats,,,format_2057,Sequence trace format,http://edamontology.org/,LinkML gen-harmony
edam:format_2058,Gene expression report format,EnumEDAMFormats,,,format_2058,Gene expression report format,http://edamontology.org/,LinkML gen-harmony
edam:format_2060,Map format,EnumEDAMFormats,,,format_2060,Map format,http://edamontology.org/,LinkML gen-harmony
edam:format_2061,Nucleic acid features (primers) format,EnumEDAMFormats,,,format_2061,Nucleic acid features (primers) format,http://edamontology.org/,LinkML gen-harmony
edam:format_2062,Protein report format,EnumEDAMFormats,,,format_2062,Protein report format,http://edamontology.org/,LinkML gen-harmony
edam:format_2064,3D-1D scoring matrix format,EnumEDAMFormats,,,format_2064,3D-1D scoring matrix format,http://edamontology.org/,LinkML gen-harmony
edam:format_2065,Protein structure report (quality evaluation) format,EnumEDAMFormats,,,format_2065,Protein structure report (quality evaluation) format,http://edamontology.org/,LinkML gen-harmony
edam:format_2066,Database hits (sequence) format,EnumEDAMFormats,,,format_2066,Database hits (sequence) format,http://edamontology.org/,LinkML gen-harmony
edam:format_2067,Sequence distance matrix format,EnumEDAMFormats,,,format_2067,Sequence distance matrix format,http://edamontology.org/,LinkML gen-harmony
edam:format_2068,Sequence motif format,EnumEDAMFormats,,,format_2068,Sequence motif format,http://edamontology.org/,LinkML gen-harmony
edam:format_2069,Sequence profile format,EnumEDAMFormats,,,format_2069,Sequence profile format,http://edamontology.org/,LinkML gen-harmony
edam:format_2072,Hidden Markov model format,EnumEDAMFormats,,,format_2072,Hidden Markov model format,http://edamontology.org/,LinkML gen-harmony
edam:format_2074,Dirichlet distribution format,EnumEDAMFormats,,,format_2074,Dirichlet distribution format,http://edamontology.org/,LinkML gen-harmony
edam:format_2075,HMM emission and transition counts format,EnumEDAMFormats,,,format_2075,HMM emission and transition counts format,http://edamontology.org/,LinkML gen-harmony
edam:format_2076,RNA secondary structure format,EnumEDAMFormats,,,format_2076,RNA secondary structure format,http://edamontology.org/,LinkML gen-harmony
edam:format_2077,Protein secondary structure format,EnumEDAMFormats,,,format_2077,Protein secondary structure format,http://edamontology.org/,LinkML gen-harmony
edam:format_2078,Sequence range format,EnumEDAMFormats,,,format_2078,Sequence range format,http://edamontology.org/,LinkML gen-harmony
edam:format_2094,pure,EnumEDAMFormats,,,format_2094,pure,http://edamontology.org/,LinkML gen-harmony
edam:format_2095,unpure,EnumEDAMFormats,,,format_2095,unpure,http://edamontology.org/,LinkML gen-harmony
edam:format_2096,unambiguous sequence,EnumEDAMFormats,,,format_2096,unambiguous sequence,http://edamontology.org/,LinkML gen-harmony
edam:format_2097,ambiguous,EnumEDAMFormats,,,format_2097,ambiguous,http://edamontology.org/,LinkML gen-harmony
edam:format_2155,Sequence features (repeats) format,EnumEDAMFormats,,,format_2155,Sequence features (repeats) format,http://edamontology.org/,LinkML gen-harmony
edam:format_2158,Nucleic acid features (restriction sites) format,EnumEDAMFormats,,,format_2158,Nucleic acid features (restriction sites) format,http://edamontology.org/,LinkML gen-harmony
edam:format_2170,Sequence cluster format,EnumEDAMFormats,,,format_2170,Sequence cluster format,http://edamontology.org/,LinkML gen-harmony
edam:format_2171,Sequence cluster format (protein),EnumEDAMFormats,,,format_2171,Sequence cluster format (protein),http://edamontology.org/,LinkML gen-harmony
edam:format_2172,Sequence cluster format (nucleic acid),EnumEDAMFormats,,,format_2172,Sequence cluster format (nucleic acid),http://edamontology.org/,LinkML gen-harmony
edam:format_2181,EMBL-like (text),EnumEDAMFormats,,,format_2181,EMBL-like (text),http://edamontology.org/,LinkML gen-harmony
edam:format_2182,FASTQ-like format (text),EnumEDAMFormats,,,format_2182,FASTQ-like format (text),http://edamontology.org/,LinkML gen-harmony
edam:format_2183,EMBLXML,EnumEDAMFormats,,,format_2183,EMBLXML,http://edamontology.org/,LinkML gen-harmony
edam:format_2184,cdsxml,EnumEDAMFormats,,,format_2184,cdsxml,http://edamontology.org/,LinkML gen-harmony
edam:format_2185,INSDSeq,EnumEDAMFormats,,,format_2185,INSDSeq,http://edamontology.org/,LinkML gen-harmony
edam:format_2186,geneseq,EnumEDAMFormats,,,format_2186,geneseq,http://edamontology.org/,LinkML gen-harmony
edam:format_2187,UniProt-like (text),EnumEDAMFormats,,,format_2187,UniProt-like (text),http://edamontology.org/,LinkML gen-harmony
edam:format_2194,medline,EnumEDAMFormats,,,format_2194,medline,http://edamontology.org/,LinkML gen-harmony
edam:format_2195,Ontology format,EnumEDAMFormats,,,format_2195,Ontology format,http://edamontology.org/,LinkML gen-harmony
edam:format_2196,OBO format,EnumEDAMFormats,,,format_2196,OBO format,http://edamontology.org/,LinkML gen-harmony
edam:format_2197,OWL format,EnumEDAMFormats,,,format_2197,OWL format,http://edamontology.org/,LinkML gen-harmony
edam:format_2200,FASTA-like (text),EnumEDAMFormats,,,format_2200,FASTA-like (text),http://edamontology.org/,LinkML gen-harmony
edam:format_2204,EMBL format (XML),EnumEDAMFormats,,,format_2204,EMBL format (XML),http://edamontology.org/,LinkML gen-harmony
edam:format_2205,GenBank-like format (text),EnumEDAMFormats,,,format_2205,GenBank-like format (text),http://edamontology.org/,LinkML gen-harmony
edam:format_2206,Sequence feature table format (text),EnumEDAMFormats,,,format_2206,Sequence feature table format (text),http://edamontology.org/,LinkML gen-harmony
edam:format_2304,STRING entry format (XML),EnumEDAMFormats,,,format_2304,STRING entry format (XML),http://edamontology.org/,LinkML gen-harmony
edam:format_2305,GFF,EnumEDAMFormats,,,format_2305,GFF,http://edamontology.org/,LinkML gen-harmony
edam:format_2306,GTF,EnumEDAMFormats,,,format_2306,GTF,http://edamontology.org/,LinkML gen-harmony
edam:format_2310,FASTA-HTML,EnumEDAMFormats,,,format_2310,FASTA-HTML,http://edamontology.org/,LinkML gen-harmony
edam:format_2311,EMBL-HTML,EnumEDAMFormats,,,format_2311,EMBL-HTML,http://edamontology.org/,LinkML gen-harmony
edam:format_2330,Textual format,EnumEDAMFormats,,,format_2330,Textual format,http://edamontology.org/,LinkML gen-harmony
edam:format_2331,HTML,EnumEDAMFormats,,,format_2331,HTML,http://edamontology.org/,LinkML gen-harmony
edam:format_2332,XML,EnumEDAMFormats,,,format_2332,XML,http://edamontology.org/,LinkML gen-harmony
edam:format_2333,Binary format,EnumEDAMFormats,,,format_2333,Binary format,http://edamontology.org/,LinkML gen-harmony
edam:format_2350,Format (by type of data),EnumEDAMFormats,,,format_2350,Format (by type of data),http://edamontology.org/,LinkML gen-harmony
edam:format_2352,BioXSD (XML),EnumEDAMFormats,,,format_2352,BioXSD (XML),http://edamontology.org/,LinkML gen-harmony
edam:format_2376,RDF format,EnumEDAMFormats,,,format_2376,RDF format,http://edamontology.org/,LinkML gen-harmony
edam:format_2532,GenBank-HTML,EnumEDAMFormats,,,format_2532,GenBank-HTML,http://edamontology.org/,LinkML gen-harmony
edam:format_2543,EMBL-like format,EnumEDAMFormats,,,format_2543,EMBL-like format,http://edamontology.org/,LinkML gen-harmony
edam:format_2545,FASTQ-like format,EnumEDAMFormats,,,format_2545,FASTQ-like format,http://edamontology.org/,LinkML gen-harmony
edam:format_2546,FASTA-like,EnumEDAMFormats,,,format_2546,FASTA-like,http://edamontology.org/,LinkML gen-harmony
edam:format_2547,uniprotkb-like format,EnumEDAMFormats,,,format_2547,uniprotkb-like format,http://edamontology.org/,LinkML gen-harmony
edam:format_2548,Sequence feature table format,EnumEDAMFormats,,,format_2548,Sequence feature table format,http://edamontology.org/,LinkML gen-harmony
edam:format_2549,OBO,EnumEDAMFormats,,,format_2549,OBO,http://edamontology.org/,LinkML gen-harmony
edam:format_2550,OBO-XML,EnumEDAMFormats,,,format_2550,OBO-XML,http://edamontology.org/,LinkML gen-harmony
edam:format_2551,Sequence record format (text),EnumEDAMFormats,,,format_2551,Sequence record format (text),http://edamontology.org/,LinkML gen-harmony
edam:format_2552,Sequence record format (XML),EnumEDAMFormats,,,format_2552,Sequence record format (XML),http://edamontology.org/,LinkML gen-harmony
edam:format_2553,Sequence feature table format (XML),EnumEDAMFormats,,,format_2553,Sequence feature table format (XML),http://edamontology.org/,LinkML gen-harmony
edam:format_2554,Alignment format (text),EnumEDAMFormats,,,format_2554,Alignment format (text),http://edamontology.org/,LinkML gen-harmony
edam:format_2555,Alignment format (XML),EnumEDAMFormats,,,format_2555,Alignment format (XML),http://edamontology.org/,LinkML gen-harmony
edam:format_2556,Phylogenetic tree format (text),EnumEDAMFormats,,,format_2556,Phylogenetic tree format (text),http://edamontology.org/,LinkML gen-harmony
edam:format_2557,Phylogenetic tree format (XML),EnumEDAMFormats,,,format_2557,Phylogenetic tree format (XML),http://edamontology.org/,LinkML gen-harmony
edam:format_2558,EMBL-like (XML),EnumEDAMFormats,,,format_2558,EMBL-like (XML),http://edamontology.org/,LinkML gen-harmony
edam:format_2559,GenBank-like format,EnumEDAMFormats,,,format_2559,GenBank-like format,http://edamontology.org/,LinkML gen-harmony
edam:format_2561,Sequence assembly format (text),EnumEDAMFormats,,,format_2561,Sequence assembly format (text),http://edamontology.org/,LinkML gen-harmony
edam:format_2566,completely unambiguous,EnumEDAMFormats,,,format_2566,completely unambiguous,http://edamontology.org/,LinkML gen-harmony
edam:format_2567,completely unambiguous pure,EnumEDAMFormats,,,format_2567,completely unambiguous pure,http://edamontology.org/,LinkML gen-harmony
edam:format_2568,completely unambiguous pure nucleotide,EnumEDAMFormats,,,format_2568,completely unambiguous pure nucleotide,http://edamontology.org/,LinkML gen-harmony
edam:format_2569,completely unambiguous pure dna,EnumEDAMFormats,,,format_2569,completely unambiguous pure dna,http://edamontology.org/,LinkML gen-harmony
edam:format_2570,completely unambiguous pure rna sequence,EnumEDAMFormats,,,format_2570,completely unambiguous pure rna sequence,http://edamontology.org/,LinkML gen-harmony
edam:format_2571,Raw sequence format,EnumEDAMFormats,,,format_2571,Raw sequence format,http://edamontology.org/,LinkML gen-harmony
edam:format_2572,BAM,EnumEDAMFormats,,,format_2572,BAM,http://edamontology.org/,LinkML gen-harmony
edam:format_2573,SAM,EnumEDAMFormats,,,format_2573,SAM,http://edamontology.org/,LinkML gen-harmony
edam:format_2585,SBML,EnumEDAMFormats,,,format_2585,SBML,http://edamontology.org/,LinkML gen-harmony
edam:format_2607,completely unambiguous pure protein,EnumEDAMFormats,,,format_2607,completely unambiguous pure protein,http://edamontology.org/,LinkML gen-harmony
edam:format_2848,Bibliographic reference format,EnumEDAMFormats,,,format_2848,Bibliographic reference format,http://edamontology.org/,LinkML gen-harmony
edam:format_2919,Sequence annotation track format,EnumEDAMFormats,,,format_2919,Sequence annotation track format,http://edamontology.org/,LinkML gen-harmony
edam:format_2920,Alignment format (pair only),EnumEDAMFormats,,,format_2920,Alignment format (pair only),http://edamontology.org/,LinkML gen-harmony
edam:format_2921,Sequence variation annotation format,EnumEDAMFormats,,,format_2921,Sequence variation annotation format,http://edamontology.org/,LinkML gen-harmony
edam:format_2922,markx0 variant,EnumEDAMFormats,,,format_2922,markx0 variant,http://edamontology.org/,LinkML gen-harmony
edam:format_2923,mega variant,EnumEDAMFormats,,,format_2923,mega variant,http://edamontology.org/,LinkML gen-harmony
edam:format_2924,Phylip format variant,EnumEDAMFormats,,,format_2924,Phylip format variant,http://edamontology.org/,LinkML gen-harmony
edam:format_3000,AB1,EnumEDAMFormats,,,format_3000,AB1,http://edamontology.org/,LinkML gen-harmony
edam:format_3001,ACE,EnumEDAMFormats,,,format_3001,ACE,http://edamontology.org/,LinkML gen-harmony
edam:format_3003,BED,EnumEDAMFormats,,,format_3003,BED,http://edamontology.org/,LinkML gen-harmony
edam:format_3004,bigBed,EnumEDAMFormats,,,format_3004,bigBed,http://edamontology.org/,LinkML gen-harmony
edam:format_3005,WIG,EnumEDAMFormats,,,format_3005,WIG,http://edamontology.org/,LinkML gen-harmony
edam:format_3006,bigWig,EnumEDAMFormats,,,format_3006,bigWig,http://edamontology.org/,LinkML gen-harmony
edam:format_3007,PSL,EnumEDAMFormats,,,format_3007,PSL,http://edamontology.org/,LinkML gen-harmony
edam:format_3008,MAF,EnumEDAMFormats,,,format_3008,MAF,http://edamontology.org/,LinkML gen-harmony
edam:format_3009,2bit,EnumEDAMFormats,,,format_3009,2bit,http://edamontology.org/,LinkML gen-harmony
edam:format_3010,.nib,EnumEDAMFormats,,,format_3010,.nib,http://edamontology.org/,LinkML gen-harmony
edam:format_3011,genePred,EnumEDAMFormats,,,format_3011,genePred,http://edamontology.org/,LinkML gen-harmony
edam:format_3012,pgSnp,EnumEDAMFormats,,,format_3012,pgSnp,http://edamontology.org/,LinkML gen-harmony
edam:format_3013,axt,EnumEDAMFormats,,,format_3013,axt,http://edamontology.org/,LinkML gen-harmony
edam:format_3014,LAV,EnumEDAMFormats,,,format_3014,LAV,http://edamontology.org/,LinkML gen-harmony
edam:format_3015,Pileup,EnumEDAMFormats,,,format_3015,Pileup,http://edamontology.org/,LinkML gen-harmony
edam:format_3016,VCF,EnumEDAMFormats,,,format_3016,VCF,http://edamontology.org/,LinkML gen-harmony
edam:format_3017,SRF,EnumEDAMFormats,,,format_3017,SRF,http://edamontology.org/,LinkML gen-harmony
edam:format_3018,ZTR,EnumEDAMFormats,,,format_3018,ZTR,http://edamontology.org/,LinkML gen-harmony
edam:format_3019,GVF,EnumEDAMFormats,,,format_3019,GVF,http://edamontology.org/,LinkML gen-harmony
edam:format_3020,BCF,EnumEDAMFormats,,,format_3020,BCF,http://edamontology.org/,LinkML gen-harmony
edam:format_3033,Matrix format,EnumEDAMFormats,,,format_3033,Matrix format,http://edamontology.org/,LinkML gen-harmony
edam:format_3097,Protein domain classification format,EnumEDAMFormats,,,format_3097,Protein domain classification format,http://edamontology.org/,LinkML gen-harmony
edam:format_3098,Raw SCOP domain classification format,EnumEDAMFormats,,,format_3098,Raw SCOP domain classification format,http://edamontology.org/,LinkML gen-harmony
edam:format_3099,Raw CATH domain classification format,EnumEDAMFormats,,,format_3099,Raw CATH domain classification format,http://edamontology.org/,LinkML gen-harmony
edam:format_3100,CATH domain report format,EnumEDAMFormats,,,format_3100,CATH domain report format,http://edamontology.org/,LinkML gen-harmony
edam:format_3155,SBRML,EnumEDAMFormats,,,format_3155,SBRML,http://edamontology.org/,LinkML gen-harmony
edam:format_3156,BioPAX,EnumEDAMFormats,,,format_3156,BioPAX,http://edamontology.org/,LinkML gen-harmony
edam:format_3157,EBI Application Result XML,EnumEDAMFormats,,,format_3157,EBI Application Result XML,http://edamontology.org/,LinkML gen-harmony
edam:format_3158,PSI MI XML (MIF),EnumEDAMFormats,,,format_3158,PSI MI XML (MIF),http://edamontology.org/,LinkML gen-harmony
edam:format_3159,phyloXML,EnumEDAMFormats,,,format_3159,phyloXML,http://edamontology.org/,LinkML gen-harmony
edam:format_3160,NeXML,EnumEDAMFormats,,,format_3160,NeXML,http://edamontology.org/,LinkML gen-harmony
edam:format_3161,MAGE-ML,EnumEDAMFormats,,,format_3161,MAGE-ML,http://edamontology.org/,LinkML gen-harmony
edam:format_3162,MAGE-TAB,EnumEDAMFormats,,,format_3162,MAGE-TAB,http://edamontology.org/,LinkML gen-harmony
edam:format_3163,GCDML,EnumEDAMFormats,,,format_3163,GCDML,http://edamontology.org/,LinkML gen-harmony
edam:format_3164,GTrack,EnumEDAMFormats,,,format_3164,GTrack,http://edamontology.org/,LinkML gen-harmony
edam:format_3166,Biological pathway or network report format,EnumEDAMFormats,,,format_3166,Biological pathway or network report format,http://edamontology.org/,LinkML gen-harmony
edam:format_3167,Experiment annotation format,EnumEDAMFormats,,,format_3167,Experiment annotation format,http://edamontology.org/,LinkML gen-harmony
edam:format_3235,Cytoband format,EnumEDAMFormats,,,format_3235,Cytoband format,http://edamontology.org/,LinkML gen-harmony
edam:format_3239,CopasiML,EnumEDAMFormats,,,format_3239,CopasiML,http://edamontology.org/,LinkML gen-harmony
edam:format_3240,CellML,EnumEDAMFormats,,,format_3240,CellML,http://edamontology.org/,LinkML gen-harmony
edam:format_3242,PSI MI TAB (MITAB),EnumEDAMFormats,,,format_3242,PSI MI TAB (MITAB),http://edamontology.org/,LinkML gen-harmony
edam:format_3243,PSI-PAR,EnumEDAMFormats,,,format_3243,PSI-PAR,http://edamontology.org/,LinkML gen-harmony
edam:format_3244,mzML,EnumEDAMFormats,,,format_3244,mzML,http://edamontology.org/,LinkML gen-harmony
edam:format_3245,Mass spectrometry data format,EnumEDAMFormats,,,format_3245,Mass spectrometry data format,http://edamontology.org/,LinkML gen-harmony
edam:format_3246,TraML,EnumEDAMFormats,,,format_3246,TraML,http://edamontology.org/,LinkML gen-harmony
edam:format_3247,mzIdentML,EnumEDAMFormats,,,format_3247,mzIdentML,http://edamontology.org/,LinkML gen-harmony
edam:format_3248,mzQuantML,EnumEDAMFormats,,,format_3248,mzQuantML,http://edamontology.org/,LinkML gen-harmony
edam:format_3249,GelML,EnumEDAMFormats,,,format_3249,GelML,http://edamontology.org/,LinkML gen-harmony
edam:format_3250,spML,EnumEDAMFormats,,,format_3250,spML,http://edamontology.org/,LinkML gen-harmony
edam:format_3252,OWL Functional Syntax,EnumEDAMFormats,,,format_3252,OWL Functional Syntax,http://edamontology.org/,LinkML gen-harmony
edam:format_3253,Manchester OWL Syntax,EnumEDAMFormats,,,format_3253,Manchester OWL Syntax,http://edamontology.org/,LinkML gen-harmony
edam:format_3254,KRSS2 Syntax,EnumEDAMFormats,,,format_3254,KRSS2 Syntax,http://edamontology.org/,LinkML gen-harmony
edam:format_3255,Turtle,EnumEDAMFormats,,,format_3255,Turtle,http://edamontology.org/,LinkML gen-harmony
edam:format_3256,N-Triples,EnumEDAMFormats,,,format_3256,N-Triples,http://edamontology.org/,LinkML gen-harmony
edam:format_3257,Notation3,EnumEDAMFormats,,,format_3257,Notation3,http://edamontology.org/,LinkML gen-harmony
edam:format_3261,RDF/XML,EnumEDAMFormats,,,format_3261,RDF/XML,http://edamontology.org/,LinkML gen-harmony
edam:format_3262,OWL/XML,EnumEDAMFormats,,,format_3262,OWL/XML,http://edamontology.org/,LinkML gen-harmony
edam:format_3281,A2M,EnumEDAMFormats,,,format_3281,A2M,http://edamontology.org/,LinkML gen-harmony
edam:format_3284,SFF,EnumEDAMFormats,,,format_3284,SFF,http://edamontology.org/,LinkML gen-harmony
edam:format_3285,MAP,EnumEDAMFormats,,,format_3285,MAP,http://edamontology.org/,LinkML gen-harmony
edam:format_3286,PED,EnumEDAMFormats,,,format_3286,PED,http://edamontology.org/,LinkML gen-harmony
edam:format_3287,Individual genetic data format,EnumEDAMFormats,,,format_3287,Individual genetic data format,http://edamontology.org/,LinkML gen-harmony
edam:format_3288,PED/MAP,EnumEDAMFormats,,,format_3288,PED/MAP,http://edamontology.org/,LinkML gen-harmony
edam:format_3309,CT,EnumEDAMFormats,,,format_3309,CT,http://edamontology.org/,LinkML gen-harmony
edam:format_3310,SS,EnumEDAMFormats,,,format_3310,SS,http://edamontology.org/,LinkML gen-harmony
edam:format_3311,RNAML,EnumEDAMFormats,,,format_3311,RNAML,http://edamontology.org/,LinkML gen-harmony
edam:format_3312,GDE,EnumEDAMFormats,,,format_3312,GDE,http://edamontology.org/,LinkML gen-harmony
edam:format_3313,BLC,EnumEDAMFormats,,,format_3313,BLC,http://edamontology.org/,LinkML gen-harmony
edam:format_3326,Data index format,EnumEDAMFormats,,,format_3326,Data index format,http://edamontology.org/,LinkML gen-harmony
edam:format_3327,BAI,EnumEDAMFormats,,,format_3327,BAI,http://edamontology.org/,LinkML gen-harmony
edam:format_3328,HMMER2,EnumEDAMFormats,,,format_3328,HMMER2,http://edamontology.org/,LinkML gen-harmony
edam:format_3329,HMMER3,EnumEDAMFormats,,,format_3329,HMMER3,http://edamontology.org/,LinkML gen-harmony
edam:format_3330,PO,EnumEDAMFormats,,,format_3330,PO,http://edamontology.org/,LinkML gen-harmony
edam:format_3331,BLAST XML results format,EnumEDAMFormats,,,format_3331,BLAST XML results format,http://edamontology.org/,LinkML gen-harmony
edam:format_3462,CRAM,EnumEDAMFormats,,,format_3462,CRAM,http://edamontology.org/,LinkML gen-harmony
edam:format_3464,JSON,EnumEDAMFormats,,,format_3464,JSON,http://edamontology.org/,LinkML gen-harmony
edam:format_3466,EPS,EnumEDAMFormats,,,format_3466,EPS,http://edamontology.org/,LinkML gen-harmony
edam:format_3467,GIF,EnumEDAMFormats,,,format_3467,GIF,http://edamontology.org/,LinkML gen-harmony
edam:format_3468,xls,EnumEDAMFormats,,,format_3468,xls,http://edamontology.org/,LinkML gen-harmony
edam:format_3475,TSV,EnumEDAMFormats,,,format_3475,TSV,http://edamontology.org/,LinkML gen-harmony
edam:format_3477,Cytoscape input file format,EnumEDAMFormats,,,format_3477,Cytoscape input file format,http://edamontology.org/,LinkML gen-harmony
edam:format_3484,ebwt,EnumEDAMFormats,,,format_3484,ebwt,http://edamontology.org/,LinkML gen-harmony
edam:format_3485,RSF,EnumEDAMFormats,,,format_3485,RSF,http://edamontology.org/,LinkML gen-harmony
edam:format_3486,GCG format variant,EnumEDAMFormats,,,format_3486,GCG format variant,http://edamontology.org/,LinkML gen-harmony
edam:format_3487,BSML,EnumEDAMFormats,,,format_3487,BSML,http://edamontology.org/,LinkML gen-harmony
edam:format_3491,ebwtl,EnumEDAMFormats,,,format_3491,ebwtl,http://edamontology.org/,LinkML gen-harmony
edam:format_3499,Ensembl variation file format,EnumEDAMFormats,,,format_3499,Ensembl variation file format,http://edamontology.org/,LinkML gen-harmony
edam:format_3506,docx,EnumEDAMFormats,,,format_3506,docx,http://edamontology.org/,LinkML gen-harmony
edam:format_3507,Document format,EnumEDAMFormats,,,format_3507,Document format,http://edamontology.org/,LinkML gen-harmony
edam:format_3508,PDF,EnumEDAMFormats,,,format_3508,PDF,http://edamontology.org/,LinkML gen-harmony
edam:format_3547,Image format,EnumEDAMFormats,,,format_3547,Image format,http://edamontology.org/,LinkML gen-harmony
edam:format_3548,DICOM format,EnumEDAMFormats,,,format_3548,DICOM format,http://edamontology.org/,LinkML gen-harmony
edam:format_3549,nii,EnumEDAMFormats,,,format_3549,nii,http://edamontology.org/,LinkML gen-harmony
edam:format_3550,mhd,EnumEDAMFormats,,,format_3550,mhd,http://edamontology.org/,LinkML gen-harmony
edam:format_3551,nrrd,EnumEDAMFormats,,,format_3551,nrrd,http://edamontology.org/,LinkML gen-harmony
edam:format_3554,R file format,EnumEDAMFormats,,,format_3554,R file format,http://edamontology.org/,LinkML gen-harmony
edam:format_3555,SPSS,EnumEDAMFormats,,,format_3555,SPSS,http://edamontology.org/,LinkML gen-harmony
edam:format_3556,MHTML,EnumEDAMFormats,,,format_3556,MHTML,http://edamontology.org/,LinkML gen-harmony
edam:format_3578,IDAT,EnumEDAMFormats,,,format_3578,IDAT,http://edamontology.org/,LinkML gen-harmony
edam:format_3579,JPG,EnumEDAMFormats,,,format_3579,JPG,http://edamontology.org/,LinkML gen-harmony
edam:format_3580,rcc,EnumEDAMFormats,,,format_3580,rcc,http://edamontology.org/,LinkML gen-harmony
edam:format_3581,arff,EnumEDAMFormats,,,format_3581,arff,http://edamontology.org/,LinkML gen-harmony
edam:format_3582,afg,EnumEDAMFormats,,,format_3582,afg,http://edamontology.org/,LinkML gen-harmony
edam:format_3583,bedgraph,EnumEDAMFormats,,,format_3583,bedgraph,http://edamontology.org/,LinkML gen-harmony
edam:format_3584,bedstrict,EnumEDAMFormats,,,format_3584,bedstrict,http://edamontology.org/,LinkML gen-harmony
edam:format_3585,bed6,EnumEDAMFormats,,,format_3585,bed6,http://edamontology.org/,LinkML gen-harmony
edam:format_3586,bed12,EnumEDAMFormats,,,format_3586,bed12,http://edamontology.org/,LinkML gen-harmony
edam:format_3587,chrominfo,EnumEDAMFormats,,,format_3587,chrominfo,http://edamontology.org/,LinkML gen-harmony
edam:format_3588,customtrack,EnumEDAMFormats,,,format_3588,customtrack,http://edamontology.org/,LinkML gen-harmony
edam:format_3589,csfasta,EnumEDAMFormats,,,format_3589,csfasta,http://edamontology.org/,LinkML gen-harmony
edam:format_3590,HDF5,EnumEDAMFormats,,,format_3590,HDF5,http://edamontology.org/,LinkML gen-harmony
edam:format_3591,TIFF,EnumEDAMFormats,,,format_3591,TIFF,http://edamontology.org/,LinkML gen-harmony
edam:format_3592,BMP,EnumEDAMFormats,,,format_3592,BMP,http://edamontology.org/,LinkML gen-harmony
edam:format_3593,im,EnumEDAMFormats,,,format_3593,im,http://edamontology.org/,LinkML gen-harmony
edam:format_3594,pcd,EnumEDAMFormats,,,format_3594,pcd,http://edamontology.org/,LinkML gen-harmony
edam:format_3595,pcx,EnumEDAMFormats,,,format_3595,pcx,http://edamontology.org/,LinkML gen-harmony
edam:format_3596,ppm,EnumEDAMFormats,,,format_3596,ppm,http://edamontology.org/,LinkML gen-harmony
edam:format_3597,psd,EnumEDAMFormats,,,format_3597,psd,http://edamontology.org/,LinkML gen-harmony
edam:format_3598,xbm,EnumEDAMFormats,,,format_3598,xbm,http://edamontology.org/,LinkML gen-harmony
edam:format_3599,xpm,EnumEDAMFormats,,,format_3599,xpm,http://edamontology.org/,LinkML gen-harmony
edam:format_3600,rgb,EnumEDAMFormats,,,format_3600,rgb,http://edamontology.org/,LinkML gen-harmony
edam:format_3601,pbm,EnumEDAMFormats,,,format_3601,pbm,http://edamontology.org/,LinkML gen-harmony
edam:format_3602,pgm,EnumEDAMFormats,,,format_3602,pgm,http://edamontology.org/,LinkML gen-harmony
edam:format_3603,PNG,EnumEDAMFormats,,,format_3603,PNG,http://edamontology.org/,LinkML gen-harmony
edam:format_3604,SVG,EnumEDAMFormats,,,format_3604,SVG,http://edamontology.org/,LinkML gen-harmony
edam:format_3605,rast,EnumEDAMFormats,,,format_3605,rast,http://edamontology.org/,LinkML gen-harmony
edam:format_3606,Sequence quality report format (text),EnumEDAMFormats,,,format_3606,Sequence quality report format (text),http://edamontology.org/,LinkML gen-harmony
edam:format_3607,qual,EnumEDAMFormats,,,format_3607,qual,http://edamontology.org/,LinkML gen-harmony
edam:format_3608,qualsolexa,EnumEDAMFormats,,,format_3608,qualsolexa,http://edamontology.org/,LinkML gen-harmony
edam:format_3609,qualillumina,EnumEDAMFormats,,,format_3609,qualillumina,http://edamontology.org/,LinkML gen-harmony
edam:format_3610,qualsolid,EnumEDAMFormats,,,format_3610,qualsolid,http://edamontology.org/,LinkML gen-harmony
edam:format_3611,qual454,EnumEDAMFormats,,,format_3611,qual454,http://edamontology.org/,LinkML gen-harmony
edam:format_3612,ENCODE peak format,EnumEDAMFormats,,,format_3612,ENCODE peak format,http://edamontology.org/,LinkML gen-harmony
edam:format_3613,ENCODE narrow peak format,EnumEDAMFormats,,,format_3613,ENCODE narrow peak format,http://edamontology.org/,LinkML gen-harmony
edam:format_3614,ENCODE broad peak format,EnumEDAMFormats,,,format_3614,ENCODE broad peak format,http://edamontology.org/,LinkML gen-harmony
edam:format_3615,bgzip,EnumEDAMFormats,,,format_3615,bgzip,http://edamontology.org/,LinkML gen-harmony
edam:format_3616,tabix,EnumEDAMFormats,,,format_3616,tabix,http://edamontology.org/,LinkML gen-harmony
edam:format_3617,Graph format,EnumEDAMFormats,,,format_3617,Graph format,http://edamontology.org/,LinkML gen-harmony
edam:format_3618,xgmml,EnumEDAMFormats,,,format_3618,xgmml,http://edamontology.org/,LinkML gen-harmony
edam:format_3619,sif,EnumEDAMFormats,,,format_3619,sif,http://edamontology.org/,LinkML gen-harmony
edam:format_3620,xlsx,EnumEDAMFormats,,,format_3620,xlsx,http://edamontology.org/,LinkML gen-harmony
edam:format_3621,SQLite format,EnumEDAMFormats,,,format_3621,SQLite format,http://edamontology.org/,LinkML gen-harmony
edam:format_3622,Gemini SQLite format,EnumEDAMFormats,,,format_3622,Gemini SQLite format,http://edamontology.org/,LinkML gen-harmony
edam:format_3624,snpeffdb,EnumEDAMFormats,,,format_3624,snpeffdb,http://edamontology.org/,LinkML gen-harmony
edam:format_3626,MAT,EnumEDAMFormats,,,format_3626,MAT,http://edamontology.org/,LinkML gen-harmony
edam:format_3650,NetCDF,EnumEDAMFormats,,,format_3650,NetCDF,http://edamontology.org/,LinkML gen-harmony
edam:format_3651,MGF,EnumEDAMFormats,,,format_3651,MGF,http://edamontology.org/,LinkML gen-harmony
edam:format_3652,dta,EnumEDAMFormats,,,format_3652,dta,http://edamontology.org/,LinkML gen-harmony
edam:format_3653,pkl,EnumEDAMFormats,,,format_3653,pkl,http://edamontology.org/,LinkML gen-harmony
edam:format_3654,mzXML,EnumEDAMFormats,,,format_3654,mzXML,http://edamontology.org/,LinkML gen-harmony
edam:format_3655,pepXML,EnumEDAMFormats,,,format_3655,pepXML,http://edamontology.org/,LinkML gen-harmony
edam:format_3657,GPML,EnumEDAMFormats,,,format_3657,GPML,http://edamontology.org/,LinkML gen-harmony
edam:format_3665,K-mer countgraph,EnumEDAMFormats,,,format_3665,K-mer countgraph,http://edamontology.org/,LinkML gen-harmony
edam:format_3681,mzTab,EnumEDAMFormats,,,format_3681,mzTab,http://edamontology.org/,LinkML gen-harmony
edam:format_3682,imzML metadata file,EnumEDAMFormats,,,format_3682,imzML metadata file,http://edamontology.org/,LinkML gen-harmony
edam:format_3683,qcML,EnumEDAMFormats,,,format_3683,qcML,http://edamontology.org/,LinkML gen-harmony
edam:format_3684,PRIDE XML,EnumEDAMFormats,,,format_3684,PRIDE XML,http://edamontology.org/,LinkML gen-harmony
edam:format_3685,SED-ML,EnumEDAMFormats,,,format_3685,SED-ML,http://edamontology.org/,LinkML gen-harmony
edam:format_3686,COMBINE OMEX,EnumEDAMFormats,,,format_3686,COMBINE OMEX,http://edamontology.org/,LinkML gen-harmony
edam:format_3687,ISA-TAB,EnumEDAMFormats,,,format_3687,ISA-TAB,http://edamontology.org/,LinkML gen-harmony
edam:format_3688,SBtab,EnumEDAMFormats,,,format_3688,SBtab,http://edamontology.org/,LinkML gen-harmony
edam:format_3689,BCML,EnumEDAMFormats,,,format_3689,BCML,http://edamontology.org/,LinkML gen-harmony
edam:format_3690,BDML,EnumEDAMFormats,,,format_3690,BDML,http://edamontology.org/,LinkML gen-harmony
edam:format_3691,BEL,EnumEDAMFormats,,,format_3691,BEL,http://edamontology.org/,LinkML gen-harmony
edam:format_3692,SBGN-ML,EnumEDAMFormats,,,format_3692,SBGN-ML,http://edamontology.org/,LinkML gen-harmony
edam:format_3693,AGP,EnumEDAMFormats,,,format_3693,AGP,http://edamontology.org/,LinkML gen-harmony
edam:format_3696,PS,EnumEDAMFormats,,,format_3696,PS,http://edamontology.org/,LinkML gen-harmony
edam:format_3698,SRA format,EnumEDAMFormats,,,format_3698,SRA format,http://edamontology.org/,LinkML gen-harmony
edam:format_3699,VDB,EnumEDAMFormats,,,format_3699,VDB,http://edamontology.org/,LinkML gen-harmony
edam:format_3701,Sequin format,EnumEDAMFormats,,,format_3701,Sequin format,http://edamontology.org/,LinkML gen-harmony
edam:format_3702,MSF,EnumEDAMFormats,,,format_3702,MSF,http://edamontology.org/,LinkML gen-harmony
edam:format_3706,Biodiversity data format,EnumEDAMFormats,,,format_3706,Biodiversity data format,http://edamontology.org/,LinkML gen-harmony
edam:format_3708,ABCD format,EnumEDAMFormats,,,format_3708,ABCD format,http://edamontology.org/,LinkML gen-harmony
edam:format_3709,GCT/Res format,EnumEDAMFormats,,,format_3709,GCT/Res format,http://edamontology.org/,LinkML gen-harmony
edam:format_3710,WIFF format,EnumEDAMFormats,,,format_3710,WIFF format,http://edamontology.org/,LinkML gen-harmony
edam:format_3711,X!Tandem XML,EnumEDAMFormats,,,format_3711,X!Tandem XML,http://edamontology.org/,LinkML gen-harmony
edam:format_3712,Thermo RAW,EnumEDAMFormats,,,format_3712,Thermo RAW,http://edamontology.org/,LinkML gen-harmony
edam:format_3713,Mascot .dat file,EnumEDAMFormats,,,format_3713,Mascot .dat file,http://edamontology.org/,LinkML gen-harmony
edam:format_3714,MaxQuant APL peaklist format,EnumEDAMFormats,,,format_3714,MaxQuant APL peaklist format,http://edamontology.org/,LinkML gen-harmony
edam:format_3725,SBOL,EnumEDAMFormats,,,format_3725,SBOL,http://edamontology.org/,LinkML gen-harmony
edam:format_3726,PMML,EnumEDAMFormats,,,format_3726,PMML,http://edamontology.org/,LinkML gen-harmony
edam:format_3727,OME-TIFF,EnumEDAMFormats,,,format_3727,OME-TIFF,http://edamontology.org/,LinkML gen-harmony
edam:format_3728,LocARNA PP,EnumEDAMFormats,,,format_3728,LocARNA PP,http://edamontology.org/,LinkML gen-harmony
edam:format_3729,dbGaP format,EnumEDAMFormats,,,format_3729,dbGaP format,http://edamontology.org/,LinkML gen-harmony
edam:format_3746,BIOM format,EnumEDAMFormats,,,format_3746,BIOM format,http://edamontology.org/,LinkML gen-harmony
edam:format_3747,protXML,EnumEDAMFormats,,,format_3747,protXML,http://edamontology.org/,LinkML gen-harmony
edam:format_3748,Linked data format,EnumEDAMFormats,,,format_3748,Linked data format,http://edamontology.org/,LinkML gen-harmony
edam:format_3749,JSON-LD,EnumEDAMFormats,,,format_3749,JSON-LD,http://edamontology.org/,LinkML gen-harmony
edam:format_3750,YAML,EnumEDAMFormats,,,format_3750,YAML,http://edamontology.org/,LinkML gen-harmony
edam:format_3751,DSV,EnumEDAMFormats,,,format_3751,DSV,http://edamontology.org/,LinkML gen-harmony
edam:format_3752,CSV,EnumEDAMFormats,,,format_3752,CSV,http://edamontology.org/,LinkML gen-harmony
edam:format_3758,SEQUEST .out file,EnumEDAMFormats,,,format_3758,SEQUEST .out file,http://edamontology.org/,LinkML gen-harmony
edam:format_3764,idXML,EnumEDAMFormats,,,format_3764,idXML,http://edamontology.org/,LinkML gen-harmony
edam:format_3765,KNIME datatable format,EnumEDAMFormats,,,format_3765,KNIME datatable format,http://edamontology.org/,LinkML gen-harmony
edam:format_3770,UniProtKB XML,EnumEDAMFormats,,,format_3770,UniProtKB XML,http://edamontology.org/,LinkML gen-harmony
edam:format_3771,UniProtKB RDF,EnumEDAMFormats,,,format_3771,UniProtKB RDF,http://edamontology.org/,LinkML gen-harmony
edam:format_3772,BioJSON (BioXSD),EnumEDAMFormats,,,format_3772,BioJSON (BioXSD),http://edamontology.org/,LinkML gen-harmony
edam:format_3773,BioYAML,EnumEDAMFormats,,,format_3773,BioYAML,http://edamontology.org/,LinkML gen-harmony
edam:format_3774,BioJSON (Jalview),EnumEDAMFormats,,,format_3774,BioJSON (Jalview),http://edamontology.org/,LinkML gen-harmony
edam:format_3775,GSuite,EnumEDAMFormats,,,format_3775,GSuite,http://edamontology.org/,LinkML gen-harmony
edam:format_3776,BTrack,EnumEDAMFormats,,,format_3776,BTrack,http://edamontology.org/,LinkML gen-harmony
edam:format_3777,MCPD,EnumEDAMFormats,,,format_3777,MCPD,http://edamontology.org/,LinkML gen-harmony
edam:format_3780,Annotated text format,EnumEDAMFormats,,,format_3780,Annotated text format,http://edamontology.org/,LinkML gen-harmony
edam:format_3781,PubAnnotation format,EnumEDAMFormats,,,format_3781,PubAnnotation format,http://edamontology.org/,LinkML gen-harmony
edam:format_3782,BioC,EnumEDAMFormats,,,format_3782,BioC,http://edamontology.org/,LinkML gen-harmony
edam:format_3783,PubTator format,EnumEDAMFormats,,,format_3783,PubTator format,http://edamontology.org/,LinkML gen-harmony
edam:format_3784,Open Annotation format,EnumEDAMFormats,,,format_3784,Open Annotation format,http://edamontology.org/,LinkML gen-harmony
edam:format_3785,BioNLP Shared Task format,EnumEDAMFormats,,,format_3785,BioNLP Shared Task format,http://edamontology.org/,LinkML gen-harmony
edam:format_3787,Query language,EnumEDAMFormats,,,format_3787,Query language,http://edamontology.org/,LinkML gen-harmony
edam:format_3788,SQL,EnumEDAMFormats,,,format_3788,SQL,http://edamontology.org/,LinkML gen-harmony
edam:format_3789,XQuery,EnumEDAMFormats,,,format_3789,XQuery,http://edamontology.org/,LinkML gen-harmony
edam:format_3790,SPARQL,EnumEDAMFormats,,,format_3790,SPARQL,http://edamontology.org/,LinkML gen-harmony
edam:format_3804,xsd,EnumEDAMFormats,,,format_3804,xsd,http://edamontology.org/,LinkML gen-harmony
edam:format_3811,XMFA,EnumEDAMFormats,,,format_3811,XMFA,http://edamontology.org/,LinkML gen-harmony
edam:format_3812,GEN,EnumEDAMFormats,,,format_3812,GEN,http://edamontology.org/,LinkML gen-harmony
edam:format_3813,SAMPLE file format,EnumEDAMFormats,,,format_3813,SAMPLE file format,http://edamontology.org/,LinkML gen-harmony
edam:format_3814,SDF,EnumEDAMFormats,,,format_3814,SDF,http://edamontology.org/,LinkML gen-harmony
edam:format_3815,Molfile,EnumEDAMFormats,,,format_3815,Molfile,http://edamontology.org/,LinkML gen-harmony
edam:format_3816,Mol2,EnumEDAMFormats,,,format_3816,Mol2,http://edamontology.org/,LinkML gen-harmony
edam:format_3817,latex,EnumEDAMFormats,,,format_3817,latex,http://edamontology.org/,LinkML gen-harmony
edam:format_3818,ELAND format,EnumEDAMFormats,,,format_3818,ELAND format,http://edamontology.org/,LinkML gen-harmony
edam:format_3819,Relaxed PHYLIP Interleaved,EnumEDAMFormats,,,format_3819,Relaxed PHYLIP Interleaved,http://edamontology.org/,LinkML gen-harmony
edam:format_3820,Relaxed PHYLIP Sequential,EnumEDAMFormats,,,format_3820,Relaxed PHYLIP Sequential,http://edamontology.org/,LinkML gen-harmony
edam:format_3821,VisML,EnumEDAMFormats,,,format_3821,VisML,http://edamontology.org/,LinkML gen-harmony
edam:format_3822,GML,EnumEDAMFormats,,,format_3822,GML,http://edamontology.org/,LinkML gen-harmony
edam:format_3823,FASTG,EnumEDAMFormats,,,format_3823,FASTG,http://edamontology.org/,LinkML gen-harmony
edam:format_3824,NMR data format,EnumEDAMFormats,,,format_3824,NMR data format,http://edamontology.org/,LinkML gen-harmony
edam:format_3825,nmrML,EnumEDAMFormats,,,format_3825,nmrML,http://edamontology.org/,LinkML gen-harmony
edam:format_3826,proBAM,EnumEDAMFormats,,,format_3826,proBAM,http://edamontology.org/,LinkML gen-harmony
edam:format_3827,proBED,EnumEDAMFormats,,,format_3827,proBED,http://edamontology.org/,LinkML gen-harmony
edam:format_3828,Raw microarray data format,EnumEDAMFormats,,,format_3828,Raw microarray data format,http://edamontology.org/,LinkML gen-harmony
edam:format_3829,GPR,EnumEDAMFormats,,,format_3829,GPR,http://edamontology.org/,LinkML gen-harmony
edam:format_3830,ARB,EnumEDAMFormats,,,format_3830,ARB,http://edamontology.org/,LinkML gen-harmony
edam:format_3832,consensusXML,EnumEDAMFormats,,,format_3832,consensusXML,http://edamontology.org/,LinkML gen-harmony
edam:format_3833,featureXML,EnumEDAMFormats,,,format_3833,featureXML,http://edamontology.org/,LinkML gen-harmony
edam:format_3834,mzData,EnumEDAMFormats,,,format_3834,mzData,http://edamontology.org/,LinkML gen-harmony
edam:format_3835,TIDE TXT,EnumEDAMFormats,,,format_3835,TIDE TXT,http://edamontology.org/,LinkML gen-harmony
edam:format_3836,BLAST XML v2 results format,EnumEDAMFormats,,,format_3836,BLAST XML v2 results format,http://edamontology.org/,LinkML gen-harmony
edam:format_3838,pptx,EnumEDAMFormats,,,format_3838,pptx,http://edamontology.org/,LinkML gen-harmony
edam:format_3839,ibd,EnumEDAMFormats,,,format_3839,ibd,http://edamontology.org/,LinkML gen-harmony
edam:format_3841,NLP format,EnumEDAMFormats,,,format_3841,NLP format,http://edamontology.org/,LinkML gen-harmony
edam:format_3843,BEAST,EnumEDAMFormats,,,format_3843,BEAST,http://edamontology.org/,LinkML gen-harmony
edam:format_3844,Chado-XML,EnumEDAMFormats,,,format_3844,Chado-XML,http://edamontology.org/,LinkML gen-harmony
edam:format_3845,HSAML,EnumEDAMFormats,,,format_3845,HSAML,http://edamontology.org/,LinkML gen-harmony
edam:format_3846,InterProScan XML,EnumEDAMFormats,,,format_3846,InterProScan XML,http://edamontology.org/,LinkML gen-harmony
edam:format_3847,KGML,EnumEDAMFormats,,,format_3847,KGML,http://edamontology.org/,LinkML gen-harmony
edam:format_3848,PubMed XML,EnumEDAMFormats,,,format_3848,PubMed XML,http://edamontology.org/,LinkML gen-harmony
edam:format_3849,MSAML,EnumEDAMFormats,,,format_3849,MSAML,http://edamontology.org/,LinkML gen-harmony
edam:format_3850,OrthoXML,EnumEDAMFormats,,,format_3850,OrthoXML,http://edamontology.org/,LinkML gen-harmony
edam:format_3851,PSDML,EnumEDAMFormats,,,format_3851,PSDML,http://edamontology.org/,LinkML gen-harmony
edam:format_3852,SeqXML,EnumEDAMFormats,,,format_3852,SeqXML,http://edamontology.org/,LinkML gen-harmony
edam:format_3853,UniParc XML,EnumEDAMFormats,,,format_3853,UniParc XML,http://edamontology.org/,LinkML gen-harmony
edam:format_3854,UniRef XML,EnumEDAMFormats,,,format_3854,UniRef XML,http://edamontology.org/,LinkML gen-harmony
edam:format_3857,CWL,EnumEDAMFormats,,,format_3857,CWL,http://edamontology.org/,LinkML gen-harmony
edam:format_3858,Waters RAW,EnumEDAMFormats,,,format_3858,Waters RAW,http://edamontology.org/,LinkML gen-harmony
edam:format_3859,JCAMP-DX,EnumEDAMFormats,,,format_3859,JCAMP-DX,http://edamontology.org/,LinkML gen-harmony
edam:format_3862,NLP annotation format,EnumEDAMFormats,,,format_3862,NLP annotation format,http://edamontology.org/,LinkML gen-harmony
edam:format_3863,NLP corpus format,EnumEDAMFormats,,,format_3863,NLP corpus format,http://edamontology.org/,LinkML gen-harmony
edam:format_3864,mirGFF3,EnumEDAMFormats,,,format_3864,mirGFF3,http://edamontology.org/,LinkML gen-harmony
edam:format_3865,RNA annotation format,EnumEDAMFormats,,,format_3865,RNA annotation format,http://edamontology.org/,LinkML gen-harmony
edam:format_3866,Trajectory format,EnumEDAMFormats,,,format_3866,Trajectory format,http://edamontology.org/,LinkML gen-harmony
edam:format_3867,Trajectory format (binary),EnumEDAMFormats,,,format_3867,Trajectory format (binary),http://edamontology.org/,LinkML gen-harmony
edam:format_3868,Trajectory format (text),EnumEDAMFormats,,,format_3868,Trajectory format (text),http://edamontology.org/,LinkML gen-harmony
edam:format_3873,HDF,EnumEDAMFormats,,,format_3873,HDF,http://edamontology.org/,LinkML gen-harmony
edam:format_3874,PCAzip,EnumEDAMFormats,,,format_3874,PCAzip,http://edamontology.org/,LinkML gen-harmony
edam:format_3875,XTC,EnumEDAMFormats,,,format_3875,XTC,http://edamontology.org/,LinkML gen-harmony
edam:format_3876,TNG,EnumEDAMFormats,,,format_3876,TNG,http://edamontology.org/,LinkML gen-harmony
edam:format_3877,XYZ,EnumEDAMFormats,,,format_3877,XYZ,http://edamontology.org/,LinkML gen-harmony
edam:format_3878,mdcrd,EnumEDAMFormats,,,format_3878,mdcrd,http://edamontology.org/,LinkML gen-harmony
edam:format_3879,Topology format,EnumEDAMFormats,,,format_3879,Topology format,http://edamontology.org/,LinkML gen-harmony
edam:format_3880,GROMACS top,EnumEDAMFormats,,,format_3880,GROMACS top,http://edamontology.org/,LinkML gen-harmony
edam:format_3881,AMBER top,EnumEDAMFormats,,,format_3881,AMBER top,http://edamontology.org/,LinkML gen-harmony
edam:format_3882,PSF,EnumEDAMFormats,,,format_3882,PSF,http://edamontology.org/,LinkML gen-harmony
edam:format_3883,GROMACS itp,EnumEDAMFormats,,,format_3883,GROMACS itp,http://edamontology.org/,LinkML gen-harmony
edam:format_3884,FF parameter format,EnumEDAMFormats,,,format_3884,FF parameter format,http://edamontology.org/,LinkML gen-harmony
edam:format_3885,BinPos,EnumEDAMFormats,,,format_3885,BinPos,http://edamontology.org/,LinkML gen-harmony
edam:format_3886,RST,EnumEDAMFormats,,,format_3886,RST,http://edamontology.org/,LinkML gen-harmony
edam:format_3887,CHARMM rtf,EnumEDAMFormats,,,format_3887,CHARMM rtf,http://edamontology.org/,LinkML gen-harmony
edam:format_3888,AMBER frcmod,EnumEDAMFormats,,,format_3888,AMBER frcmod,http://edamontology.org/,LinkML gen-harmony
edam:format_3889,AMBER off,EnumEDAMFormats,,,format_3889,AMBER off,http://edamontology.org/,LinkML gen-harmony
edam:format_3906,NMReDATA,EnumEDAMFormats,,,format_3906,NMReDATA,http://edamontology.org/,LinkML gen-harmony
edam:format_3909,BpForms,EnumEDAMFormats,,,format_3909,BpForms,http://edamontology.org/,LinkML gen-harmony
edam:format_3910,trr,EnumEDAMFormats,,,format_3910,trr,http://edamontology.org/,LinkML gen-harmony
edam:format_3911,msh,EnumEDAMFormats,,,format_3911,msh,http://edamontology.org/,LinkML gen-harmony
edam:format_3913,Loom,EnumEDAMFormats,,,format_3913,Loom,http://edamontology.org/,LinkML gen-harmony
edam:format_3915,Zarr,EnumEDAMFormats,,,format_3915,Zarr,http://edamontology.org/,LinkML gen-harmony
edam:format_3916,MTX,EnumEDAMFormats,,,format_3916,MTX,http://edamontology.org/,LinkML gen-harmony
edam:format_3951,BcForms,EnumEDAMFormats,,,format_3951,BcForms,http://edamontology.org/,LinkML gen-harmony
edam:format_3956,N-Quads,EnumEDAMFormats,,,format_3956,N-Quads,http://edamontology.org/,LinkML gen-harmony
edam:format_3969,Vega,EnumEDAMFormats,,,format_3969,Vega,http://edamontology.org/,LinkML gen-harmony
edam:format_3970,Vega-lite,EnumEDAMFormats,,,format_3970,Vega-lite,http://edamontology.org/,LinkML gen-harmony
edam:format_3971,NeuroML,EnumEDAMFormats,,,format_3971,NeuroML,http://edamontology.org/,LinkML gen-harmony
edam:format_3972,BNGL,EnumEDAMFormats,,,format_3972,BNGL,http://edamontology.org/,LinkML gen-harmony
edam:format_3973,Docker image,EnumEDAMFormats,,,format_3973,Docker image,http://edamontology.org/,LinkML gen-harmony
edam:format_3975,GFA 1,EnumEDAMFormats,,,format_3975,GFA 1,http://edamontology.org/,LinkML gen-harmony
edam:format_3976,GFA 2,EnumEDAMFormats,,,format_3976,GFA 2,http://edamontology.org/,LinkML gen-harmony
edam:format_3977,ObjTables,EnumEDAMFormats,,,format_3977,ObjTables,http://edamontology.org/,LinkML gen-harmony
edam:format_3978,CONTIG,EnumEDAMFormats,,,format_3978,CONTIG,http://edamontology.org/,LinkML gen-harmony
edam:format_3979,WEGO,EnumEDAMFormats,,,format_3979,WEGO,http://edamontology.org/,LinkML gen-harmony
edam:format_3980,RPKM,EnumEDAMFormats,,,format_3980,RPKM,http://edamontology.org/,LinkML gen-harmony
edam:format_3981,TAR format,EnumEDAMFormats,,,format_3981,TAR format,http://edamontology.org/,LinkML gen-harmony
edam:format_3982,CHAIN,EnumEDAMFormats,,,format_3982,CHAIN,http://edamontology.org/,LinkML gen-harmony
edam:format_3983,NET,EnumEDAMFormats,,,format_3983,NET,http://edamontology.org/,LinkML gen-harmony
edam:format_3984,QMAP,EnumEDAMFormats,,,format_3984,QMAP,http://edamontology.org/,LinkML gen-harmony
edam:format_3985,gxformat2,EnumEDAMFormats,,,format_3985,gxformat2,http://edamontology.org/,LinkML gen-harmony
edam:format_3986,WMV,EnumEDAMFormats,,,format_3986,WMV,http://edamontology.org/,LinkML gen-harmony
edam:format_3987,ZIP format,EnumEDAMFormats,,,format_3987,ZIP format,http://edamontology.org/,LinkML gen-harmony
edam:format_3988,LSM,EnumEDAMFormats,,,format_3988,LSM,http://edamontology.org/,LinkML gen-harmony
edam:format_3989,GZIP format,EnumEDAMFormats,,,format_3989,GZIP format,http://edamontology.org/,LinkML gen-harmony
edam:format_3990,AVI,EnumEDAMFormats,,,format_3990,AVI,http://edamontology.org/,LinkML gen-harmony
edam:format_3991,TrackDB,EnumEDAMFormats,,,format_3991,TrackDB,http://edamontology.org/,LinkML gen-harmony
edam:format_3992,CIGAR format,EnumEDAMFormats,,,format_3992,CIGAR format,http://edamontology.org/,LinkML gen-harmony
edam:format_3993,Stereolithography format,EnumEDAMFormats,,,format_3993,Stereolithography format,http://edamontology.org/,LinkML gen-harmony
edam:format_3994,U3D,EnumEDAMFormats,,,format_3994,U3D,http://edamontology.org/,LinkML gen-harmony
edam:format_3995,Texture file format,EnumEDAMFormats,,,format_3995,Texture file format,http://edamontology.org/,LinkML gen-harmony
edam:format_3996,Python script,EnumEDAMFormats,,,format_3996,Python script,http://edamontology.org/,LinkML gen-harmony
edam:format_3997,MPEG-4,EnumEDAMFormats,,,format_3997,MPEG-4,http://edamontology.org/,LinkML gen-harmony
edam:format_3998,Perl script,EnumEDAMFormats,,,format_3998,Perl script,http://edamontology.org/,LinkML gen-harmony
edam:format_3999,R script,EnumEDAMFormats,,,format_3999,R script,http://edamontology.org/,LinkML gen-harmony
edam:format_4000,R markdown,EnumEDAMFormats,,,format_4000,R markdown,http://edamontology.org/,LinkML gen-harmony
edam:format_4002,pickle,EnumEDAMFormats,,,format_4002,pickle,http://edamontology.org/,LinkML gen-harmony
edam:format_4003,NumPy format,EnumEDAMFormats,,,format_4003,NumPy format,http://edamontology.org/,LinkML gen-harmony
edam:format_4004,SimTools repertoire file format,EnumEDAMFormats,,,format_4004,SimTools repertoire file format,http://edamontology.org/,LinkML gen-harmony
edam:format_4005,Configuration file format,EnumEDAMFormats,,,format_4005,Configuration file format,http://edamontology.org/,LinkML gen-harmony
edam:format_4006,Zstandard format,EnumEDAMFormats,,,format_4006,Zstandard format,http://edamontology.org/,LinkML gen-harmony
edam:format_4007,MATLAB script,EnumEDAMFormats,,,format_4007,MATLAB script,http://edamontology.org/,LinkML gen-harmony
edam:format_4015,PEtab,EnumEDAMFormats,,,format_4015,PEtab,http://edamontology.org/,LinkML gen-harmony
edam:format_4018,gVCF,EnumEDAMFormats,,,format_4018,gVCF,http://edamontology.org/,LinkML gen-harmony
edam:format_4023,cml,EnumEDAMFormats,,,format_4023,cml,http://edamontology.org/,LinkML gen-harmony
edam:format_4024,cif,EnumEDAMFormats,,,format_4024,cif,http://edamontology.org/,LinkML gen-harmony
edam:format_4025,BioSimulators format for the specifications of biosimulation tools,EnumEDAMFormats,,,format_4025,BioSimulators format for the specifications of biosimulation tools,http://edamontology.org/,LinkML gen-harmony
edam:format_4026,BioSimulators standard for command-line interfaces for biosimulation tools,EnumEDAMFormats,,,format_4026,BioSimulators standard for command-line interfaces for biosimulation tools,http://edamontology.org/,LinkML gen-harmony
edam:format_4035,PQR,EnumEDAMFormats,,,format_4035,PQR,http://edamontology.org/,LinkML gen-harmony
edam:format_4036,PDBQT,EnumEDAMFormats,,,format_4036,PDBQT,http://edamontology.org/,LinkML gen-harmony
edam:format_4039,MSP,EnumEDAMFormats,,,format_4039,MSP,http://edamontology.org/,LinkML gen-harmony
edam:format_4041,maDMP,EnumEDAMFormats,,,format_4041,maDMP,http://edamontology.org/,LinkML gen-harmony
edam:format_4048,Nextflow,EnumEDAMFormats,,,format_4048,Nextflow,http://edamontology.org/,LinkML gen-harmony
edam:format_4049,Snakemake,EnumEDAMFormats,,,format_4049,Snakemake,http://edamontology.org/,LinkML gen-harmony
edam:format_4050,SDRF,EnumEDAMFormats,,,format_4050,SDRF,http://edamontology.org/,LinkML gen-harmony
edam:format_4058,mzTab-M,EnumEDAMFormats,,,format_4058,mzTab-M,http://edamontology.org/,LinkML gen-harmony
edam:format_4059,mzTab-L,EnumEDAMFormats,,,format_4059,mzTab-L,http://edamontology.org/,LinkML gen-harmony
edam:data_0582,Ontology,EnumEDAMDataTypes,,,data_0582,Ontology,http://edamontology.org/,LinkML gen-harmony
edam:data_0842,Identifier,EnumEDAMDataTypes,,,data_0842,Identifier,http://edamontology.org/,LinkML gen-harmony
edam:data_0844,Molecular mass,EnumEDAMDataTypes,,,data_0844,Molecular mass,http://edamontology.org/,LinkML gen-harmony
edam:data_0845,Molecular charge,EnumEDAMDataTypes,,,data_0845,Molecular charge,http://edamontology.org/,LinkML gen-harmony
edam:data_0846,Chemical formula,EnumEDAMDataTypes,,,data_0846,Chemical formula,http://edamontology.org/,LinkML gen-harmony
edam:data_0847,QSAR descriptor,EnumEDAMDataTypes,,,data_0847,QSAR descriptor,http://edamontology.org/,LinkML gen-harmony
edam:data_0849,Sequence record,EnumEDAMDataTypes,,,data_0849,Sequence record,http://edamontology.org/,LinkML gen-harmony
edam:data_0850,Sequence set,EnumEDAMDataTypes,,,data_0850,Sequence set,http://edamontology.org/,LinkML gen-harmony
edam:data_0856,Sequence feature source,EnumEDAMDataTypes,,,data_0856,Sequence feature source,http://edamontology.org/,LinkML gen-harmony
edam:data_0857,Sequence search results,EnumEDAMDataTypes,,,data_0857,Sequence search results,http://edamontology.org/,LinkML gen-harmony
edam:data_0858,Sequence signature matches,EnumEDAMDataTypes,,,data_0858,Sequence signature matches,http://edamontology.org/,LinkML gen-harmony
edam:data_0860,Sequence signature data,EnumEDAMDataTypes,,,data_0860,Sequence signature data,http://edamontology.org/,LinkML gen-harmony
edam:data_0862,Dotplot,EnumEDAMDataTypes,,,data_0862,Dotplot,http://edamontology.org/,LinkML gen-harmony
edam:data_0863,Sequence alignment,EnumEDAMDataTypes,,,data_0863,Sequence alignment,http://edamontology.org/,LinkML gen-harmony
edam:data_0865,Sequence similarity score,EnumEDAMDataTypes,,,data_0865,Sequence similarity score,http://edamontology.org/,LinkML gen-harmony
edam:data_0867,Sequence alignment report,EnumEDAMDataTypes,,,data_0867,Sequence alignment report,http://edamontology.org/,LinkML gen-harmony
edam:data_0870,Sequence distance matrix,EnumEDAMDataTypes,,,data_0870,Sequence distance matrix,http://edamontology.org/,LinkML gen-harmony
edam:data_0871,Phylogenetic character data,EnumEDAMDataTypes,,,data_0871,Phylogenetic character data,http://edamontology.org/,LinkML gen-harmony
edam:data_0872,Phylogenetic tree,EnumEDAMDataTypes,,,data_0872,Phylogenetic tree,http://edamontology.org/,LinkML gen-harmony
edam:data_0874,Comparison matrix,EnumEDAMDataTypes,,,data_0874,Comparison matrix,http://edamontology.org/,LinkML gen-harmony
edam:data_0878,Protein secondary structure alignment,EnumEDAMDataTypes,,,data_0878,Protein secondary structure alignment,http://edamontology.org/,LinkML gen-harmony
edam:data_0880,RNA secondary structure,EnumEDAMDataTypes,,,data_0880,RNA secondary structure,http://edamontology.org/,LinkML gen-harmony
edam:data_0881,RNA secondary structure alignment,EnumEDAMDataTypes,,,data_0881,RNA secondary structure alignment,http://edamontology.org/,LinkML gen-harmony
edam:data_0883,Structure,EnumEDAMDataTypes,,,data_0883,Structure,http://edamontology.org/,LinkML gen-harmony
edam:data_0886,Structure alignment,EnumEDAMDataTypes,,,data_0886,Structure alignment,http://edamontology.org/,LinkML gen-harmony
edam:data_0887,Structure alignment report,EnumEDAMDataTypes,,,data_0887,Structure alignment report,http://edamontology.org/,LinkML gen-harmony
edam:data_0888,Structure similarity score,EnumEDAMDataTypes,,,data_0888,Structure similarity score,http://edamontology.org/,LinkML gen-harmony
edam:data_0889,Structural profile,EnumEDAMDataTypes,,,data_0889,Structural profile,http://edamontology.org/,LinkML gen-harmony
edam:data_0890,Structural (3D) profile alignment,EnumEDAMDataTypes,,,data_0890,Structural (3D) profile alignment,http://edamontology.org/,LinkML gen-harmony
edam:data_0892,Protein sequence-structure scoring matrix,EnumEDAMDataTypes,,,data_0892,Protein sequence-structure scoring matrix,http://edamontology.org/,LinkML gen-harmony
edam:data_0893,Sequence-structure alignment,EnumEDAMDataTypes,,,data_0893,Sequence-structure alignment,http://edamontology.org/,LinkML gen-harmony
edam:data_0896,Protein report,EnumEDAMDataTypes,,,data_0896,Protein report,http://edamontology.org/,LinkML gen-harmony
edam:data_0897,Protein property,EnumEDAMDataTypes,,,data_0897,Protein property,http://edamontology.org/,LinkML gen-harmony
edam:data_0905,Protein interaction raw data,EnumEDAMDataTypes,,,data_0905,Protein interaction raw data,http://edamontology.org/,LinkML gen-harmony
edam:data_0906,Protein interaction data,EnumEDAMDataTypes,,,data_0906,Protein interaction data,http://edamontology.org/,LinkML gen-harmony
edam:data_0907,Protein family report,EnumEDAMDataTypes,,,data_0907,Protein family report,http://edamontology.org/,LinkML gen-harmony
edam:data_0909,Vmax,EnumEDAMDataTypes,,,data_0909,Vmax,http://edamontology.org/,LinkML gen-harmony
edam:data_0910,Km,EnumEDAMDataTypes,,,data_0910,Km,http://edamontology.org/,LinkML gen-harmony
edam:data_0912,Nucleic acid property,EnumEDAMDataTypes,,,data_0912,Nucleic acid property,http://edamontology.org/,LinkML gen-harmony
edam:data_0914,Codon usage data,EnumEDAMDataTypes,,,data_0914,Codon usage data,http://edamontology.org/,LinkML gen-harmony
edam:data_0916,Gene report,EnumEDAMDataTypes,,,data_0916,Gene report,http://edamontology.org/,LinkML gen-harmony
edam:data_0919,Chromosome report,EnumEDAMDataTypes,,,data_0919,Chromosome report,http://edamontology.org/,LinkML gen-harmony
edam:data_0920,Genotype/phenotype report,EnumEDAMDataTypes,,,data_0920,Genotype/phenotype report,http://edamontology.org/,LinkML gen-harmony
edam:data_0924,Sequence trace,EnumEDAMDataTypes,,,data_0924,Sequence trace,http://edamontology.org/,LinkML gen-harmony
edam:data_0925,Sequence assembly,EnumEDAMDataTypes,,,data_0925,Sequence assembly,http://edamontology.org/,LinkML gen-harmony
edam:data_0926,RH scores,EnumEDAMDataTypes,,,data_0926,RH scores,http://edamontology.org/,LinkML gen-harmony
edam:data_0927,Genetic linkage report,EnumEDAMDataTypes,,,data_0927,Genetic linkage report,http://edamontology.org/,LinkML gen-harmony
edam:data_0928,Gene expression profile,EnumEDAMDataTypes,,,data_0928,Gene expression profile,http://edamontology.org/,LinkML gen-harmony
edam:data_0937,Electron density map,EnumEDAMDataTypes,,,data_0937,Electron density map,http://edamontology.org/,LinkML gen-harmony
edam:data_0938,Raw NMR data,EnumEDAMDataTypes,,,data_0938,Raw NMR data,http://edamontology.org/,LinkML gen-harmony
edam:data_0939,CD spectra,EnumEDAMDataTypes,,,data_0939,CD spectra,http://edamontology.org/,LinkML gen-harmony
edam:data_0940,Volume map,EnumEDAMDataTypes,,,data_0940,Volume map,http://edamontology.org/,LinkML gen-harmony
edam:data_0942,2D PAGE image,EnumEDAMDataTypes,,,data_0942,2D PAGE image,http://edamontology.org/,LinkML gen-harmony
edam:data_0943,Mass spectrum,EnumEDAMDataTypes,,,data_0943,Mass spectrum,http://edamontology.org/,LinkML gen-harmony
edam:data_0944,Peptide mass fingerprint,EnumEDAMDataTypes,,,data_0944,Peptide mass fingerprint,http://edamontology.org/,LinkML gen-harmony
edam:data_0945,Peptide identification,EnumEDAMDataTypes,,,data_0945,Peptide identification,http://edamontology.org/,LinkML gen-harmony
edam:data_0949,Workflow metadata,EnumEDAMDataTypes,,,data_0949,Workflow metadata,http://edamontology.org/,LinkML gen-harmony
edam:data_0950,Mathematical model,EnumEDAMDataTypes,,,data_0950,Mathematical model,http://edamontology.org/,LinkML gen-harmony
edam:data_0951,Statistical estimate score,EnumEDAMDataTypes,,,data_0951,Statistical estimate score,http://edamontology.org/,LinkML gen-harmony
edam:data_0954,Database cross-mapping,EnumEDAMDataTypes,,,data_0954,Database cross-mapping,http://edamontology.org/,LinkML gen-harmony
edam:data_0955,Data index,EnumEDAMDataTypes,,,data_0955,Data index,http://edamontology.org/,LinkML gen-harmony
edam:data_0956,Data index report,EnumEDAMDataTypes,,,data_0956,Data index report,http://edamontology.org/,LinkML gen-harmony
edam:data_0957,Database metadata,EnumEDAMDataTypes,,,data_0957,Database metadata,http://edamontology.org/,LinkML gen-harmony
edam:data_0958,Tool metadata,EnumEDAMDataTypes,,,data_0958,Tool metadata,http://edamontology.org/,LinkML gen-harmony
edam:data_0960,User metadata,EnumEDAMDataTypes,,,data_0960,User metadata,http://edamontology.org/,LinkML gen-harmony
edam:data_0962,Small molecule report,EnumEDAMDataTypes,,,data_0962,Small molecule report,http://edamontology.org/,LinkML gen-harmony
edam:data_0963,Cell line report,EnumEDAMDataTypes,,,data_0963,Cell line report,http://edamontology.org/,LinkML gen-harmony
edam:data_0966,Ontology term,EnumEDAMDataTypes,,,data_0966,Ontology term,http://edamontology.org/,LinkML gen-harmony
edam:data_0967,Ontology concept data,EnumEDAMDataTypes,,,data_0967,Ontology concept data,http://edamontology.org/,LinkML gen-harmony
edam:data_0968,Keyword,EnumEDAMDataTypes,,,data_0968,Keyword,http://edamontology.org/,LinkML gen-harmony
edam:data_0970,Citation,EnumEDAMDataTypes,,,data_0970,Citation,http://edamontology.org/,LinkML gen-harmony
edam:data_0971,Article,EnumEDAMDataTypes,,,data_0971,Article,http://edamontology.org/,LinkML gen-harmony
edam:data_0972,Text mining report,EnumEDAMDataTypes,,,data_0972,Text mining report,http://edamontology.org/,LinkML gen-harmony
edam:data_0976,Identifier (by type of entity),EnumEDAMDataTypes,,,data_0976,Identifier (by type of entity),http://edamontology.org/,LinkML gen-harmony
edam:data_0977,Tool identifier,EnumEDAMDataTypes,,,data_0977,Tool identifier,http://edamontology.org/,LinkML gen-harmony
edam:data_0982,Molecule identifier,EnumEDAMDataTypes,,,data_0982,Molecule identifier,http://edamontology.org/,LinkML gen-harmony
edam:data_0983,Atom ID,EnumEDAMDataTypes,,,data_0983,Atom ID,http://edamontology.org/,LinkML gen-harmony
edam:data_0984,Molecule name,EnumEDAMDataTypes,,,data_0984,Molecule name,http://edamontology.org/,LinkML gen-harmony
edam:data_0987,Chromosome name,EnumEDAMDataTypes,,,data_0987,Chromosome name,http://edamontology.org/,LinkML gen-harmony
edam:data_0988,Peptide identifier,EnumEDAMDataTypes,,,data_0988,Peptide identifier,http://edamontology.org/,LinkML gen-harmony
edam:data_0989,Protein identifier,EnumEDAMDataTypes,,,data_0989,Protein identifier,http://edamontology.org/,LinkML gen-harmony
edam:data_0990,Compound name,EnumEDAMDataTypes,,,data_0990,Compound name,http://edamontology.org/,LinkML gen-harmony
edam:data_0991,Chemical registry number,EnumEDAMDataTypes,,,data_0991,Chemical registry number,http://edamontology.org/,LinkML gen-harmony
edam:data_0993,Drug identifier,EnumEDAMDataTypes,,,data_0993,Drug identifier,http://edamontology.org/,LinkML gen-harmony
edam:data_0994,Amino acid identifier,EnumEDAMDataTypes,,,data_0994,Amino acid identifier,http://edamontology.org/,LinkML gen-harmony
edam:data_0995,Nucleotide identifier,EnumEDAMDataTypes,,,data_0995,Nucleotide identifier,http://edamontology.org/,LinkML gen-harmony
edam:data_0996,Monosaccharide identifier,EnumEDAMDataTypes,,,data_0996,Monosaccharide identifier,http://edamontology.org/,LinkML gen-harmony
edam:data_0997,Chemical name (ChEBI),EnumEDAMDataTypes,,,data_0997,Chemical name (ChEBI),http://edamontology.org/,LinkML gen-harmony
edam:data_0998,Chemical name (IUPAC),EnumEDAMDataTypes,,,data_0998,Chemical name (IUPAC),http://edamontology.org/,LinkML gen-harmony
edam:data_0999,Chemical name (INN),EnumEDAMDataTypes,,,data_0999,Chemical name (INN),http://edamontology.org/,LinkML gen-harmony
edam:data_1000,Chemical name (brand),EnumEDAMDataTypes,,,data_1000,Chemical name (brand),http://edamontology.org/,LinkML gen-harmony
edam:data_1001,Chemical name (synonymous),EnumEDAMDataTypes,,,data_1001,Chemical name (synonymous),http://edamontology.org/,LinkML gen-harmony
edam:data_1002,CAS number,EnumEDAMDataTypes,,,data_1002,CAS number,http://edamontology.org/,LinkML gen-harmony
edam:data_1003,Chemical registry number (Beilstein),EnumEDAMDataTypes,,,data_1003,Chemical registry number (Beilstein),http://edamontology.org/,LinkML gen-harmony
edam:data_1004,Chemical registry number (Gmelin),EnumEDAMDataTypes,,,data_1004,Chemical registry number (Gmelin),http://edamontology.org/,LinkML gen-harmony
edam:data_1005,HET group name,EnumEDAMDataTypes,,,data_1005,HET group name,http://edamontology.org/,LinkML gen-harmony
edam:data_1006,Amino acid name,EnumEDAMDataTypes,,,data_1006,Amino acid name,http://edamontology.org/,LinkML gen-harmony
edam:data_1007,Nucleotide code,EnumEDAMDataTypes,,,data_1007,Nucleotide code,http://edamontology.org/,LinkML gen-harmony
edam:data_1008,Polypeptide chain ID,EnumEDAMDataTypes,,,data_1008,Polypeptide chain ID,http://edamontology.org/,LinkML gen-harmony
edam:data_1009,Protein name,EnumEDAMDataTypes,,,data_1009,Protein name,http://edamontology.org/,LinkML gen-harmony
edam:data_1010,Enzyme identifier,EnumEDAMDataTypes,,,data_1010,Enzyme identifier,http://edamontology.org/,LinkML gen-harmony
edam:data_1011,EC number,EnumEDAMDataTypes,,,data_1011,EC number,http://edamontology.org/,LinkML gen-harmony
edam:data_1012,Enzyme name,EnumEDAMDataTypes,,,data_1012,Enzyme name,http://edamontology.org/,LinkML gen-harmony
edam:data_1013,Restriction enzyme name,EnumEDAMDataTypes,,,data_1013,Restriction enzyme name,http://edamontology.org/,LinkML gen-harmony
edam:data_1015,Sequence feature ID,EnumEDAMDataTypes,,,data_1015,Sequence feature ID,http://edamontology.org/,LinkML gen-harmony
edam:data_1016,Sequence position,EnumEDAMDataTypes,,,data_1016,Sequence position,http://edamontology.org/,LinkML gen-harmony
edam:data_1017,Sequence range,EnumEDAMDataTypes,,,data_1017,Sequence range,http://edamontology.org/,LinkML gen-harmony
edam:data_1020,Sequence feature key,EnumEDAMDataTypes,,,data_1020,Sequence feature key,http://edamontology.org/,LinkML gen-harmony
edam:data_1021,Sequence feature qualifier,EnumEDAMDataTypes,,,data_1021,Sequence feature qualifier,http://edamontology.org/,LinkML gen-harmony
edam:data_1022,Sequence feature label,EnumEDAMDataTypes,,,data_1022,Sequence feature label,http://edamontology.org/,LinkML gen-harmony
edam:data_1023,EMBOSS Uniform Feature Object,EnumEDAMDataTypes,,,data_1023,EMBOSS Uniform Feature Object,http://edamontology.org/,LinkML gen-harmony
edam:data_1025,Gene identifier,EnumEDAMDataTypes,,,data_1025,Gene identifier,http://edamontology.org/,LinkML gen-harmony
edam:data_1026,Gene symbol,EnumEDAMDataTypes,,,data_1026,Gene symbol,http://edamontology.org/,LinkML gen-harmony
edam:data_1027,Gene ID (NCBI),EnumEDAMDataTypes,,,data_1027,Gene ID (NCBI),http://edamontology.org/,LinkML gen-harmony
edam:data_1031,Gene ID (CGD),EnumEDAMDataTypes,,,data_1031,Gene ID (CGD),http://edamontology.org/,LinkML gen-harmony
edam:data_1032,Gene ID (DictyBase),EnumEDAMDataTypes,,,data_1032,Gene ID (DictyBase),http://edamontology.org/,LinkML gen-harmony
edam:data_1033,Ensembl gene ID,EnumEDAMDataTypes,,,data_1033,Ensembl gene ID,http://edamontology.org/,LinkML gen-harmony
edam:data_1034,Gene ID (SGD),EnumEDAMDataTypes,,,data_1034,Gene ID (SGD),http://edamontology.org/,LinkML gen-harmony
edam:data_1035,Gene ID (GeneDB),EnumEDAMDataTypes,,,data_1035,Gene ID (GeneDB),http://edamontology.org/,LinkML gen-harmony
edam:data_1036,TIGR identifier,EnumEDAMDataTypes,,,data_1036,TIGR identifier,http://edamontology.org/,LinkML gen-harmony
edam:data_1037,TAIR accession (gene),EnumEDAMDataTypes,,,data_1037,TAIR accession (gene),http://edamontology.org/,LinkML gen-harmony
edam:data_1038,Protein domain ID,EnumEDAMDataTypes,,,data_1038,Protein domain ID,http://edamontology.org/,LinkML gen-harmony
edam:data_1039,SCOP domain identifier,EnumEDAMDataTypes,,,data_1039,SCOP domain identifier,http://edamontology.org/,LinkML gen-harmony
edam:data_1040,CATH domain ID,EnumEDAMDataTypes,,,data_1040,CATH domain ID,http://edamontology.org/,LinkML gen-harmony
edam:data_1041,SCOP concise classification string (sccs),EnumEDAMDataTypes,,,data_1041,SCOP concise classification string (sccs),http://edamontology.org/,LinkML gen-harmony
edam:data_1042,SCOP sunid,EnumEDAMDataTypes,,,data_1042,SCOP sunid,http://edamontology.org/,LinkML gen-harmony
edam:data_1043,CATH node ID,EnumEDAMDataTypes,,,data_1043,CATH node ID,http://edamontology.org/,LinkML gen-harmony
edam:data_1044,Kingdom name,EnumEDAMDataTypes,,,data_1044,Kingdom name,http://edamontology.org/,LinkML gen-harmony
edam:data_1045,Species name,EnumEDAMDataTypes,,,data_1045,Species name,http://edamontology.org/,LinkML gen-harmony
edam:data_1046,Strain name,EnumEDAMDataTypes,,,data_1046,Strain name,http://edamontology.org/,LinkML gen-harmony
edam:data_1047,URI,EnumEDAMDataTypes,,,data_1047,URI,http://edamontology.org/,LinkML gen-harmony
edam:data_1048,Database ID,EnumEDAMDataTypes,,,data_1048,Database ID,http://edamontology.org/,LinkML gen-harmony
edam:data_1049,Directory name,EnumEDAMDataTypes,,,data_1049,Directory name,http://edamontology.org/,LinkML gen-harmony
edam:data_1050,File name,EnumEDAMDataTypes,,,data_1050,File name,http://edamontology.org/,LinkML gen-harmony
edam:data_1051,Ontology name,EnumEDAMDataTypes,,,data_1051,Ontology name,http://edamontology.org/,LinkML gen-harmony
edam:data_1052,URL,EnumEDAMDataTypes,,,data_1052,URL,http://edamontology.org/,LinkML gen-harmony
edam:data_1053,URN,EnumEDAMDataTypes,,,data_1053,URN,http://edamontology.org/,LinkML gen-harmony
edam:data_1055,LSID,EnumEDAMDataTypes,,,data_1055,LSID,http://edamontology.org/,LinkML gen-harmony
edam:data_1056,Database name,EnumEDAMDataTypes,,,data_1056,Database name,http://edamontology.org/,LinkML gen-harmony
edam:data_1058,Enumerated file name,EnumEDAMDataTypes,,,data_1058,Enumerated file name,http://edamontology.org/,LinkML gen-harmony
edam:data_1059,File name extension,EnumEDAMDataTypes,,,data_1059,File name extension,http://edamontology.org/,LinkML gen-harmony
edam:data_1060,File base name,EnumEDAMDataTypes,,,data_1060,File base name,http://edamontology.org/,LinkML gen-harmony
edam:data_1061,QSAR descriptor name,EnumEDAMDataTypes,,,data_1061,QSAR descriptor name,http://edamontology.org/,LinkML gen-harmony
edam:data_1063,Sequence identifier,EnumEDAMDataTypes,,,data_1063,Sequence identifier,http://edamontology.org/,LinkML gen-harmony
edam:data_1064,Sequence set ID,EnumEDAMDataTypes,,,data_1064,Sequence set ID,http://edamontology.org/,LinkML gen-harmony
edam:data_1066,Sequence alignment ID,EnumEDAMDataTypes,,,data_1066,Sequence alignment ID,http://edamontology.org/,LinkML gen-harmony
edam:data_1068,Phylogenetic tree ID,EnumEDAMDataTypes,,,data_1068,Phylogenetic tree ID,http://edamontology.org/,LinkML gen-harmony
edam:data_1069,Comparison matrix identifier,EnumEDAMDataTypes,,,data_1069,Comparison matrix identifier,http://edamontology.org/,LinkML gen-harmony
edam:data_1070,Structure ID,EnumEDAMDataTypes,,,data_1070,Structure ID,http://edamontology.org/,LinkML gen-harmony
edam:data_1071,Structural (3D) profile ID,EnumEDAMDataTypes,,,data_1071,Structural (3D) profile ID,http://edamontology.org/,LinkML gen-harmony
edam:data_1072,Structure alignment ID,EnumEDAMDataTypes,,,data_1072,Structure alignment ID,http://edamontology.org/,LinkML gen-harmony
edam:data_1073,Amino acid index ID,EnumEDAMDataTypes,,,data_1073,Amino acid index ID,http://edamontology.org/,LinkML gen-harmony
edam:data_1074,Protein interaction ID,EnumEDAMDataTypes,,,data_1074,Protein interaction ID,http://edamontology.org/,LinkML gen-harmony
edam:data_1075,Protein family identifier,EnumEDAMDataTypes,,,data_1075,Protein family identifier,http://edamontology.org/,LinkML gen-harmony
edam:data_1076,Codon usage table name,EnumEDAMDataTypes,,,data_1076,Codon usage table name,http://edamontology.org/,LinkML gen-harmony
edam:data_1077,Transcription factor identifier,EnumEDAMDataTypes,,,data_1077,Transcription factor identifier,http://edamontology.org/,LinkML gen-harmony
edam:data_1078,Experiment annotation ID,EnumEDAMDataTypes,,,data_1078,Experiment annotation ID,http://edamontology.org/,LinkML gen-harmony
edam:data_1079,Electron microscopy model ID,EnumEDAMDataTypes,,,data_1079,Electron microscopy model ID,http://edamontology.org/,LinkML gen-harmony
edam:data_1080,Gene expression report ID,EnumEDAMDataTypes,,,data_1080,Gene expression report ID,http://edamontology.org/,LinkML gen-harmony
edam:data_1081,Genotype and phenotype annotation ID,EnumEDAMDataTypes,,,data_1081,Genotype and phenotype annotation ID,http://edamontology.org/,LinkML gen-harmony
edam:data_1082,Pathway or network identifier,EnumEDAMDataTypes,,,data_1082,Pathway or network identifier,http://edamontology.org/,LinkML gen-harmony
edam:data_1083,Workflow ID,EnumEDAMDataTypes,,,data_1083,Workflow ID,http://edamontology.org/,LinkML gen-harmony
edam:data_1084,Data resource definition ID,EnumEDAMDataTypes,,,data_1084,Data resource definition ID,http://edamontology.org/,LinkML gen-harmony
edam:data_1085,Biological model ID,EnumEDAMDataTypes,,,data_1085,Biological model ID,http://edamontology.org/,LinkML gen-harmony
edam:data_1086,Compound identifier,EnumEDAMDataTypes,,,data_1086,Compound identifier,http://edamontology.org/,LinkML gen-harmony
edam:data_1087,Ontology concept ID,EnumEDAMDataTypes,,,data_1087,Ontology concept ID,http://edamontology.org/,LinkML gen-harmony
edam:data_1088,Article ID,EnumEDAMDataTypes,,,data_1088,Article ID,http://edamontology.org/,LinkML gen-harmony
edam:data_1089,FlyBase ID,EnumEDAMDataTypes,,,data_1089,FlyBase ID,http://edamontology.org/,LinkML gen-harmony
edam:data_1091,WormBase name,EnumEDAMDataTypes,,,data_1091,WormBase name,http://edamontology.org/,LinkML gen-harmony
edam:data_1092,WormBase class,EnumEDAMDataTypes,,,data_1092,WormBase class,http://edamontology.org/,LinkML gen-harmony
edam:data_1093,Sequence accession,EnumEDAMDataTypes,,,data_1093,Sequence accession,http://edamontology.org/,LinkML gen-harmony
edam:data_1095,EMBOSS Uniform Sequence Address,EnumEDAMDataTypes,,,data_1095,EMBOSS Uniform Sequence Address,http://edamontology.org/,LinkML gen-harmony
edam:data_1096,Sequence accession (protein),EnumEDAMDataTypes,,,data_1096,Sequence accession (protein),http://edamontology.org/,LinkML gen-harmony
edam:data_1097,Sequence accession (nucleic acid),EnumEDAMDataTypes,,,data_1097,Sequence accession (nucleic acid),http://edamontology.org/,LinkML gen-harmony
edam:data_1098,RefSeq accession,EnumEDAMDataTypes,,,data_1098,RefSeq accession,http://edamontology.org/,LinkML gen-harmony
edam:data_1100,PIR identifier,EnumEDAMDataTypes,,,data_1100,PIR identifier,http://edamontology.org/,LinkML gen-harmony
edam:data_1102,Gramene primary identifier,EnumEDAMDataTypes,,,data_1102,Gramene primary identifier,http://edamontology.org/,LinkML gen-harmony
edam:data_1103,EMBL/GenBank/DDBJ ID,EnumEDAMDataTypes,,,data_1103,EMBL/GenBank/DDBJ ID,http://edamontology.org/,LinkML gen-harmony
edam:data_1104,Sequence cluster ID (UniGene),EnumEDAMDataTypes,,,data_1104,Sequence cluster ID (UniGene),http://edamontology.org/,LinkML gen-harmony
edam:data_1105,dbEST accession,EnumEDAMDataTypes,,,data_1105,dbEST accession,http://edamontology.org/,LinkML gen-harmony
edam:data_1106,dbSNP ID,EnumEDAMDataTypes,,,data_1106,dbSNP ID,http://edamontology.org/,LinkML gen-harmony
edam:data_1112,Sequence cluster ID,EnumEDAMDataTypes,,,data_1112,Sequence cluster ID,http://edamontology.org/,LinkML gen-harmony
edam:data_1113,Sequence cluster ID (COG),EnumEDAMDataTypes,,,data_1113,Sequence cluster ID (COG),http://edamontology.org/,LinkML gen-harmony
edam:data_1114,Sequence motif identifier,EnumEDAMDataTypes,,,data_1114,Sequence motif identifier,http://edamontology.org/,LinkML gen-harmony
edam:data_1115,Sequence profile ID,EnumEDAMDataTypes,,,data_1115,Sequence profile ID,http://edamontology.org/,LinkML gen-harmony
edam:data_1116,ELM ID,EnumEDAMDataTypes,,,data_1116,ELM ID,http://edamontology.org/,LinkML gen-harmony
edam:data_1117,Prosite accession number,EnumEDAMDataTypes,,,data_1117,Prosite accession number,http://edamontology.org/,LinkML gen-harmony
edam:data_1118,HMMER hidden Markov model ID,EnumEDAMDataTypes,,,data_1118,HMMER hidden Markov model ID,http://edamontology.org/,LinkML gen-harmony
edam:data_1119,JASPAR profile ID,EnumEDAMDataTypes,,,data_1119,JASPAR profile ID,http://edamontology.org/,LinkML gen-harmony
edam:data_1123,TreeBASE study accession number,EnumEDAMDataTypes,,,data_1123,TreeBASE study accession number,http://edamontology.org/,LinkML gen-harmony
edam:data_1124,TreeFam accession number,EnumEDAMDataTypes,,,data_1124,TreeFam accession number,http://edamontology.org/,LinkML gen-harmony
edam:data_1126,Comparison matrix name,EnumEDAMDataTypes,,,data_1126,Comparison matrix name,http://edamontology.org/,LinkML gen-harmony
edam:data_1127,PDB ID,EnumEDAMDataTypes,,,data_1127,PDB ID,http://edamontology.org/,LinkML gen-harmony
edam:data_1128,AAindex ID,EnumEDAMDataTypes,,,data_1128,AAindex ID,http://edamontology.org/,LinkML gen-harmony
edam:data_1129,BIND accession number,EnumEDAMDataTypes,,,data_1129,BIND accession number,http://edamontology.org/,LinkML gen-harmony
edam:data_1130,IntAct accession number,EnumEDAMDataTypes,,,data_1130,IntAct accession number,http://edamontology.org/,LinkML gen-harmony
edam:data_1131,Protein family name,EnumEDAMDataTypes,,,data_1131,Protein family name,http://edamontology.org/,LinkML gen-harmony
edam:data_1132,InterPro entry name,EnumEDAMDataTypes,,,data_1132,InterPro entry name,http://edamontology.org/,LinkML gen-harmony
edam:data_1133,InterPro accession,EnumEDAMDataTypes,,,data_1133,InterPro accession,http://edamontology.org/,LinkML gen-harmony
edam:data_1134,InterPro secondary accession,EnumEDAMDataTypes,,,data_1134,InterPro secondary accession,http://edamontology.org/,LinkML gen-harmony
edam:data_1135,Gene3D ID,EnumEDAMDataTypes,,,data_1135,Gene3D ID,http://edamontology.org/,LinkML gen-harmony
edam:data_1136,PIRSF ID,EnumEDAMDataTypes,,,data_1136,PIRSF ID,http://edamontology.org/,LinkML gen-harmony
edam:data_1137,PRINTS code,EnumEDAMDataTypes,,,data_1137,PRINTS code,http://edamontology.org/,LinkML gen-harmony
edam:data_1138,Pfam accession number,EnumEDAMDataTypes,,,data_1138,Pfam accession number,http://edamontology.org/,LinkML gen-harmony
edam:data_1139,SMART accession number,EnumEDAMDataTypes,,,data_1139,SMART accession number,http://edamontology.org/,LinkML gen-harmony
edam:data_1140,Superfamily hidden Markov model number,EnumEDAMDataTypes,,,data_1140,Superfamily hidden Markov model number,http://edamontology.org/,LinkML gen-harmony
edam:data_1141,TIGRFam ID,EnumEDAMDataTypes,,,data_1141,TIGRFam ID,http://edamontology.org/,LinkML gen-harmony
edam:data_1142,ProDom accession number,EnumEDAMDataTypes,,,data_1142,ProDom accession number,http://edamontology.org/,LinkML gen-harmony
edam:data_1143,TRANSFAC accession number,EnumEDAMDataTypes,,,data_1143,TRANSFAC accession number,http://edamontology.org/,LinkML gen-harmony
edam:data_1144,ArrayExpress accession number,EnumEDAMDataTypes,,,data_1144,ArrayExpress accession number,http://edamontology.org/,LinkML gen-harmony
edam:data_1145,PRIDE experiment accession number,EnumEDAMDataTypes,,,data_1145,PRIDE experiment accession number,http://edamontology.org/,LinkML gen-harmony
edam:data_1146,EMDB ID,EnumEDAMDataTypes,,,data_1146,EMDB ID,http://edamontology.org/,LinkML gen-harmony
edam:data_1147,GEO accession number,EnumEDAMDataTypes,,,data_1147,GEO accession number,http://edamontology.org/,LinkML gen-harmony
edam:data_1148,GermOnline ID,EnumEDAMDataTypes,,,data_1148,GermOnline ID,http://edamontology.org/,LinkML gen-harmony
edam:data_1149,EMAGE ID,EnumEDAMDataTypes,,,data_1149,EMAGE ID,http://edamontology.org/,LinkML gen-harmony
edam:data_1150,Disease ID,EnumEDAMDataTypes,,,data_1150,Disease ID,http://edamontology.org/,LinkML gen-harmony
edam:data_1151,HGVbase ID,EnumEDAMDataTypes,,,data_1151,HGVbase ID,http://edamontology.org/,LinkML gen-harmony
edam:data_1153,OMIM ID,EnumEDAMDataTypes,,,data_1153,OMIM ID,http://edamontology.org/,LinkML gen-harmony
edam:data_1154,KEGG object identifier,EnumEDAMDataTypes,,,data_1154,KEGG object identifier,http://edamontology.org/,LinkML gen-harmony
edam:data_1155,Pathway ID (reactome),EnumEDAMDataTypes,,,data_1155,Pathway ID (reactome),http://edamontology.org/,LinkML gen-harmony
edam:data_1157,Pathway ID (BioCyc),EnumEDAMDataTypes,,,data_1157,Pathway ID (BioCyc),http://edamontology.org/,LinkML gen-harmony
edam:data_1158,Pathway ID (INOH),EnumEDAMDataTypes,,,data_1158,Pathway ID (INOH),http://edamontology.org/,LinkML gen-harmony
edam:data_1159,Pathway ID (PATIKA),EnumEDAMDataTypes,,,data_1159,Pathway ID (PATIKA),http://edamontology.org/,LinkML gen-harmony
edam:data_1160,Pathway ID (CPDB),EnumEDAMDataTypes,,,data_1160,Pathway ID (CPDB),http://edamontology.org/,LinkML gen-harmony
edam:data_1161,Pathway ID (Panther),EnumEDAMDataTypes,,,data_1161,Pathway ID (Panther),http://edamontology.org/,LinkML gen-harmony
edam:data_1162,MIRIAM identifier,EnumEDAMDataTypes,,,data_1162,MIRIAM identifier,http://edamontology.org/,LinkML gen-harmony
edam:data_1163,MIRIAM data type name,EnumEDAMDataTypes,,,data_1163,MIRIAM data type name,http://edamontology.org/,LinkML gen-harmony
edam:data_1164,MIRIAM URI,EnumEDAMDataTypes,,,data_1164,MIRIAM URI,http://edamontology.org/,LinkML gen-harmony
edam:data_1165,MIRIAM data type primary name,EnumEDAMDataTypes,,,data_1165,MIRIAM data type primary name,http://edamontology.org/,LinkML gen-harmony
edam:data_1166,MIRIAM data type synonymous name,EnumEDAMDataTypes,,,data_1166,MIRIAM data type synonymous name,http://edamontology.org/,LinkML gen-harmony
edam:data_1167,Taverna workflow ID,EnumEDAMDataTypes,,,data_1167,Taverna workflow ID,http://edamontology.org/,LinkML gen-harmony
edam:data_1170,Biological model name,EnumEDAMDataTypes,,,data_1170,Biological model name,http://edamontology.org/,LinkML gen-harmony
edam:data_1171,BioModel ID,EnumEDAMDataTypes,,,data_1171,BioModel ID,http://edamontology.org/,LinkML gen-harmony
edam:data_1172,PubChem CID,EnumEDAMDataTypes,,,data_1172,PubChem CID,http://edamontology.org/,LinkML gen-harmony
edam:data_1173,ChemSpider ID,EnumEDAMDataTypes,,,data_1173,ChemSpider ID,http://edamontology.org/,LinkML gen-harmony
edam:data_1174,ChEBI ID,EnumEDAMDataTypes,,,data_1174,ChEBI ID,http://edamontology.org/,LinkML gen-harmony
edam:data_1175,BioPax concept ID,EnumEDAMDataTypes,,,data_1175,BioPax concept ID,http://edamontology.org/,LinkML gen-harmony
edam:data_1176,GO concept ID,EnumEDAMDataTypes,,,data_1176,GO concept ID,http://edamontology.org/,LinkML gen-harmony
edam:data_1177,MeSH concept ID,EnumEDAMDataTypes,,,data_1177,MeSH concept ID,http://edamontology.org/,LinkML gen-harmony
edam:data_1178,HGNC concept ID,EnumEDAMDataTypes,,,data_1178,HGNC concept ID,http://edamontology.org/,LinkML gen-harmony
edam:data_1179,NCBI taxonomy ID,EnumEDAMDataTypes,,,data_1179,NCBI taxonomy ID,http://edamontology.org/,LinkML gen-harmony
edam:data_1180,Plant Ontology concept ID,EnumEDAMDataTypes,,,data_1180,Plant Ontology concept ID,http://edamontology.org/,LinkML gen-harmony
edam:data_1181,UMLS concept ID,EnumEDAMDataTypes,,,data_1181,UMLS concept ID,http://edamontology.org/,LinkML gen-harmony
edam:data_1182,FMA concept ID,EnumEDAMDataTypes,,,data_1182,FMA concept ID,http://edamontology.org/,LinkML gen-harmony
edam:data_1183,EMAP concept ID,EnumEDAMDataTypes,,,data_1183,EMAP concept ID,http://edamontology.org/,LinkML gen-harmony
edam:data_1184,ChEBI concept ID,EnumEDAMDataTypes,,,data_1184,ChEBI concept ID,http://edamontology.org/,LinkML gen-harmony
edam:data_1185,MGED concept ID,EnumEDAMDataTypes,,,data_1185,MGED concept ID,http://edamontology.org/,LinkML gen-harmony
edam:data_1186,myGrid concept ID,EnumEDAMDataTypes,,,data_1186,myGrid concept ID,http://edamontology.org/,LinkML gen-harmony
edam:data_1187,PubMed ID,EnumEDAMDataTypes,,,data_1187,PubMed ID,http://edamontology.org/,LinkML gen-harmony
edam:data_1188,DOI,EnumEDAMDataTypes,,,data_1188,DOI,http://edamontology.org/,LinkML gen-harmony
edam:data_1189,Medline UI,EnumEDAMDataTypes,,,data_1189,Medline UI,http://edamontology.org/,LinkML gen-harmony
edam:data_1190,Tool name,EnumEDAMDataTypes,,,data_1190,Tool name,http://edamontology.org/,LinkML gen-harmony
edam:data_1191,Tool name (signature),EnumEDAMDataTypes,,,data_1191,Tool name (signature),http://edamontology.org/,LinkML gen-harmony
edam:data_1192,Tool name (BLAST),EnumEDAMDataTypes,,,data_1192,Tool name (BLAST),http://edamontology.org/,LinkML gen-harmony
edam:data_1193,Tool name (FASTA),EnumEDAMDataTypes,,,data_1193,Tool name (FASTA),http://edamontology.org/,LinkML gen-harmony
edam:data_1194,Tool name (EMBOSS),EnumEDAMDataTypes,,,data_1194,Tool name (EMBOSS),http://edamontology.org/,LinkML gen-harmony
edam:data_1195,Tool name (EMBASSY package),EnumEDAMDataTypes,,,data_1195,Tool name (EMBASSY package),http://edamontology.org/,LinkML gen-harmony
edam:data_1201,QSAR descriptor (constitutional),EnumEDAMDataTypes,,,data_1201,QSAR descriptor (constitutional),http://edamontology.org/,LinkML gen-harmony
edam:data_1202,QSAR descriptor (electronic),EnumEDAMDataTypes,,,data_1202,QSAR descriptor (electronic),http://edamontology.org/,LinkML gen-harmony
edam:data_1203,QSAR descriptor (geometrical),EnumEDAMDataTypes,,,data_1203,QSAR descriptor (geometrical),http://edamontology.org/,LinkML gen-harmony
edam:data_1204,QSAR descriptor (topological),EnumEDAMDataTypes,,,data_1204,QSAR descriptor (topological),http://edamontology.org/,LinkML gen-harmony
edam:data_1205,QSAR descriptor (molecular),EnumEDAMDataTypes,,,data_1205,QSAR descriptor (molecular),http://edamontology.org/,LinkML gen-harmony
edam:data_1233,Sequence set (protein),EnumEDAMDataTypes,,,data_1233,Sequence set (protein),http://edamontology.org/,LinkML gen-harmony
edam:data_1234,Sequence set (nucleic acid),EnumEDAMDataTypes,,,data_1234,Sequence set (nucleic acid),http://edamontology.org/,LinkML gen-harmony
edam:data_1235,Sequence cluster,EnumEDAMDataTypes,,,data_1235,Sequence cluster,http://edamontology.org/,LinkML gen-harmony
edam:data_1238,Proteolytic digest,EnumEDAMDataTypes,,,data_1238,Proteolytic digest,http://edamontology.org/,LinkML gen-harmony
edam:data_1239,Restriction digest,EnumEDAMDataTypes,,,data_1239,Restriction digest,http://edamontology.org/,LinkML gen-harmony
edam:data_1240,PCR primers,EnumEDAMDataTypes,,,data_1240,PCR primers,http://edamontology.org/,LinkML gen-harmony
edam:data_1245,Sequence cluster (protein),EnumEDAMDataTypes,,,data_1245,Sequence cluster (protein),http://edamontology.org/,LinkML gen-harmony
edam:data_1246,Sequence cluster (nucleic acid),EnumEDAMDataTypes,,,data_1246,Sequence cluster (nucleic acid),http://edamontology.org/,LinkML gen-harmony
edam:data_1249,Sequence length,EnumEDAMDataTypes,,,data_1249,Sequence length,http://edamontology.org/,LinkML gen-harmony
edam:data_1254,Sequence property,EnumEDAMDataTypes,,,data_1254,Sequence property,http://edamontology.org/,LinkML gen-harmony
edam:data_1255,Sequence features,EnumEDAMDataTypes,,,data_1255,Sequence features,http://edamontology.org/,LinkML gen-harmony
edam:data_1259,Sequence complexity report,EnumEDAMDataTypes,,,data_1259,Sequence complexity report,http://edamontology.org/,LinkML gen-harmony
edam:data_1260,Sequence ambiguity report,EnumEDAMDataTypes,,,data_1260,Sequence ambiguity report,http://edamontology.org/,LinkML gen-harmony
edam:data_1261,Sequence composition report,EnumEDAMDataTypes,,,data_1261,Sequence composition report,http://edamontology.org/,LinkML gen-harmony
edam:data_1262,Peptide molecular weight hits,EnumEDAMDataTypes,,,data_1262,Peptide molecular weight hits,http://edamontology.org/,LinkML gen-harmony
edam:data_1263,Base position variability plot,EnumEDAMDataTypes,,,data_1263,Base position variability plot,http://edamontology.org/,LinkML gen-harmony
edam:data_1265,Base frequencies table,EnumEDAMDataTypes,,,data_1265,Base frequencies table,http://edamontology.org/,LinkML gen-harmony
edam:data_1266,Base word frequencies table,EnumEDAMDataTypes,,,data_1266,Base word frequencies table,http://edamontology.org/,LinkML gen-harmony
edam:data_1267,Amino acid frequencies table,EnumEDAMDataTypes,,,data_1267,Amino acid frequencies table,http://edamontology.org/,LinkML gen-harmony
edam:data_1268,Amino acid word frequencies table,EnumEDAMDataTypes,,,data_1268,Amino acid word frequencies table,http://edamontology.org/,LinkML gen-harmony
edam:data_1270,Feature table,EnumEDAMDataTypes,,,data_1270,Feature table,http://edamontology.org/,LinkML gen-harmony
edam:data_1274,Map,EnumEDAMDataTypes,,,data_1274,Map,http://edamontology.org/,LinkML gen-harmony
edam:data_1276,Nucleic acid features,EnumEDAMDataTypes,,,data_1276,Nucleic acid features,http://edamontology.org/,LinkML gen-harmony
edam:data_1277,Protein features,EnumEDAMDataTypes,,,data_1277,Protein features,http://edamontology.org/,LinkML gen-harmony
edam:data_1278,Genetic map,EnumEDAMDataTypes,,,data_1278,Genetic map,http://edamontology.org/,LinkML gen-harmony
edam:data_1279,Sequence map,EnumEDAMDataTypes,,,data_1279,Sequence map,http://edamontology.org/,LinkML gen-harmony
edam:data_1280,Physical map,EnumEDAMDataTypes,,,data_1280,Physical map,http://edamontology.org/,LinkML gen-harmony
edam:data_1283,Cytogenetic map,EnumEDAMDataTypes,,,data_1283,Cytogenetic map,http://edamontology.org/,LinkML gen-harmony
edam:data_1284,DNA transduction map,EnumEDAMDataTypes,,,data_1284,DNA transduction map,http://edamontology.org/,LinkML gen-harmony
edam:data_1285,Gene map,EnumEDAMDataTypes,,,data_1285,Gene map,http://edamontology.org/,LinkML gen-harmony
edam:data_1286,Plasmid map,EnumEDAMDataTypes,,,data_1286,Plasmid map,http://edamontology.org/,LinkML gen-harmony
edam:data_1288,Genome map,EnumEDAMDataTypes,,,data_1288,Genome map,http://edamontology.org/,LinkML gen-harmony
edam:data_1289,Restriction map,EnumEDAMDataTypes,,,data_1289,Restriction map,http://edamontology.org/,LinkML gen-harmony
edam:data_1347,Dirichlet distribution,EnumEDAMDataTypes,,,data_1347,Dirichlet distribution,http://edamontology.org/,LinkML gen-harmony
edam:data_1352,Regular expression,EnumEDAMDataTypes,,,data_1352,Regular expression,http://edamontology.org/,LinkML gen-harmony
edam:data_1353,Sequence motif,EnumEDAMDataTypes,,,data_1353,Sequence motif,http://edamontology.org/,LinkML gen-harmony
edam:data_1354,Sequence profile,EnumEDAMDataTypes,,,data_1354,Sequence profile,http://edamontology.org/,LinkML gen-harmony
edam:data_1355,Protein signature,EnumEDAMDataTypes,,,data_1355,Protein signature,http://edamontology.org/,LinkML gen-harmony
edam:data_1361,Position frequency matrix,EnumEDAMDataTypes,,,data_1361,Position frequency matrix,http://edamontology.org/,LinkML gen-harmony
edam:data_1362,Position weight matrix,EnumEDAMDataTypes,,,data_1362,Position weight matrix,http://edamontology.org/,LinkML gen-harmony
edam:data_1363,Information content matrix,EnumEDAMDataTypes,,,data_1363,Information content matrix,http://edamontology.org/,LinkML gen-harmony
edam:data_1364,Hidden Markov model,EnumEDAMDataTypes,,,data_1364,Hidden Markov model,http://edamontology.org/,LinkML gen-harmony
edam:data_1365,Fingerprint,EnumEDAMDataTypes,,,data_1365,Fingerprint,http://edamontology.org/,LinkML gen-harmony
edam:data_1381,Pair sequence alignment,EnumEDAMDataTypes,,,data_1381,Pair sequence alignment,http://edamontology.org/,LinkML gen-harmony
edam:data_1383,Nucleic acid sequence alignment,EnumEDAMDataTypes,,,data_1383,Nucleic acid sequence alignment,http://edamontology.org/,LinkML gen-harmony
edam:data_1384,Protein sequence alignment,EnumEDAMDataTypes,,,data_1384,Protein sequence alignment,http://edamontology.org/,LinkML gen-harmony
edam:data_1385,Hybrid sequence alignment,EnumEDAMDataTypes,,,data_1385,Hybrid sequence alignment,http://edamontology.org/,LinkML gen-harmony
edam:data_1394,Alignment score or penalty,EnumEDAMDataTypes,,,data_1394,Alignment score or penalty,http://edamontology.org/,LinkML gen-harmony
edam:data_1397,Gap opening penalty,EnumEDAMDataTypes,,,data_1397,Gap opening penalty,http://edamontology.org/,LinkML gen-harmony
edam:data_1398,Gap extension penalty,EnumEDAMDataTypes,,,data_1398,Gap extension penalty,http://edamontology.org/,LinkML gen-harmony
edam:data_1399,Gap separation penalty,EnumEDAMDataTypes,,,data_1399,Gap separation penalty,http://edamontology.org/,LinkML gen-harmony
edam:data_1401,Match reward score,EnumEDAMDataTypes,,,data_1401,Match reward score,http://edamontology.org/,LinkML gen-harmony
edam:data_1402,Mismatch penalty score,EnumEDAMDataTypes,,,data_1402,Mismatch penalty score,http://edamontology.org/,LinkML gen-harmony
edam:data_1403,Drop off score,EnumEDAMDataTypes,,,data_1403,Drop off score,http://edamontology.org/,LinkML gen-harmony
edam:data_1410,Terminal gap opening penalty,EnumEDAMDataTypes,,,data_1410,Terminal gap opening penalty,http://edamontology.org/,LinkML gen-harmony
edam:data_1411,Terminal gap extension penalty,EnumEDAMDataTypes,,,data_1411,Terminal gap extension penalty,http://edamontology.org/,LinkML gen-harmony
edam:data_1412,Sequence identity,EnumEDAMDataTypes,,,data_1412,Sequence identity,http://edamontology.org/,LinkML gen-harmony
edam:data_1413,Sequence similarity,EnumEDAMDataTypes,,,data_1413,Sequence similarity,http://edamontology.org/,LinkML gen-harmony
edam:data_1426,Phylogenetic continuous quantitative data,EnumEDAMDataTypes,,,data_1426,Phylogenetic continuous quantitative data,http://edamontology.org/,LinkML gen-harmony
edam:data_1427,Phylogenetic discrete data,EnumEDAMDataTypes,,,data_1427,Phylogenetic discrete data,http://edamontology.org/,LinkML gen-harmony
edam:data_1428,Phylogenetic character cliques,EnumEDAMDataTypes,,,data_1428,Phylogenetic character cliques,http://edamontology.org/,LinkML gen-harmony
edam:data_1429,Phylogenetic invariants,EnumEDAMDataTypes,,,data_1429,Phylogenetic invariants,http://edamontology.org/,LinkML gen-harmony
edam:data_1439,DNA substitution model,EnumEDAMDataTypes,,,data_1439,DNA substitution model,http://edamontology.org/,LinkML gen-harmony
edam:data_1442,Phylogenetic tree distances,EnumEDAMDataTypes,,,data_1442,Phylogenetic tree distances,http://edamontology.org/,LinkML gen-harmony
edam:data_1444,Phylogenetic character contrasts,EnumEDAMDataTypes,,,data_1444,Phylogenetic character contrasts,http://edamontology.org/,LinkML gen-harmony
edam:data_1448,Comparison matrix (nucleotide),EnumEDAMDataTypes,,,data_1448,Comparison matrix (nucleotide),http://edamontology.org/,LinkML gen-harmony
edam:data_1449,Comparison matrix (amino acid),EnumEDAMDataTypes,,,data_1449,Comparison matrix (amino acid),http://edamontology.org/,LinkML gen-harmony
edam:data_1459,Nucleic acid structure,EnumEDAMDataTypes,,,data_1459,Nucleic acid structure,http://edamontology.org/,LinkML gen-harmony
edam:data_1460,Protein structure,EnumEDAMDataTypes,,,data_1460,Protein structure,http://edamontology.org/,LinkML gen-harmony
edam:data_1461,Protein-ligand complex,EnumEDAMDataTypes,,,data_1461,Protein-ligand complex,http://edamontology.org/,LinkML gen-harmony
edam:data_1462,Carbohydrate structure,EnumEDAMDataTypes,,,data_1462,Carbohydrate structure,http://edamontology.org/,LinkML gen-harmony
edam:data_1463,Small molecule structure,EnumEDAMDataTypes,,,data_1463,Small molecule structure,http://edamontology.org/,LinkML gen-harmony
edam:data_1464,DNA structure,EnumEDAMDataTypes,,,data_1464,DNA structure,http://edamontology.org/,LinkML gen-harmony
edam:data_1465,RNA structure,EnumEDAMDataTypes,,,data_1465,RNA structure,http://edamontology.org/,LinkML gen-harmony
edam:data_1466,tRNA structure,EnumEDAMDataTypes,,,data_1466,tRNA structure,http://edamontology.org/,LinkML gen-harmony
edam:data_1467,Protein chain,EnumEDAMDataTypes,,,data_1467,Protein chain,http://edamontology.org/,LinkML gen-harmony
edam:data_1468,Protein domain,EnumEDAMDataTypes,,,data_1468,Protein domain,http://edamontology.org/,LinkML gen-harmony
edam:data_1470,C-alpha trace,EnumEDAMDataTypes,,,data_1470,C-alpha trace,http://edamontology.org/,LinkML gen-harmony
edam:data_1479,Structure alignment (pair),EnumEDAMDataTypes,,,data_1479,Structure alignment (pair),http://edamontology.org/,LinkML gen-harmony
edam:data_1481,Protein structure alignment,EnumEDAMDataTypes,,,data_1481,Protein structure alignment,http://edamontology.org/,LinkML gen-harmony
edam:data_1482,Nucleic acid structure alignment,EnumEDAMDataTypes,,,data_1482,Nucleic acid structure alignment,http://edamontology.org/,LinkML gen-harmony
edam:data_1493,RNA structure alignment,EnumEDAMDataTypes,,,data_1493,RNA structure alignment,http://edamontology.org/,LinkML gen-harmony
edam:data_1494,Structural transformation matrix,EnumEDAMDataTypes,,,data_1494,Structural transformation matrix,http://edamontology.org/,LinkML gen-harmony
edam:data_1497,Root-mean-square deviation,EnumEDAMDataTypes,,,data_1497,Root-mean-square deviation,http://edamontology.org/,LinkML gen-harmony
edam:data_1498,Tanimoto similarity score,EnumEDAMDataTypes,,,data_1498,Tanimoto similarity score,http://edamontology.org/,LinkML gen-harmony
edam:data_1499,3D-1D scoring matrix,EnumEDAMDataTypes,,,data_1499,3D-1D scoring matrix,http://edamontology.org/,LinkML gen-harmony
edam:data_1501,Amino acid index,EnumEDAMDataTypes,,,data_1501,Amino acid index,http://edamontology.org/,LinkML gen-harmony
edam:data_1502,Amino acid index (chemical classes),EnumEDAMDataTypes,,,data_1502,Amino acid index (chemical classes),http://edamontology.org/,LinkML gen-harmony
edam:data_1503,Amino acid pair-wise contact potentials,EnumEDAMDataTypes,,,data_1503,Amino acid pair-wise contact potentials,http://edamontology.org/,LinkML gen-harmony
edam:data_1505,Amino acid index (molecular weight),EnumEDAMDataTypes,,,data_1505,Amino acid index (molecular weight),http://edamontology.org/,LinkML gen-harmony
edam:data_1506,Amino acid index (hydropathy),EnumEDAMDataTypes,,,data_1506,Amino acid index (hydropathy),http://edamontology.org/,LinkML gen-harmony
edam:data_1507,Amino acid index (White-Wimley data),EnumEDAMDataTypes,,,data_1507,Amino acid index (White-Wimley data),http://edamontology.org/,LinkML gen-harmony
edam:data_1508,Amino acid index (van der Waals radii),EnumEDAMDataTypes,,,data_1508,Amino acid index (van der Waals radii),http://edamontology.org/,LinkML gen-harmony
edam:data_1519,Peptide molecular weights,EnumEDAMDataTypes,,,data_1519,Peptide molecular weights,http://edamontology.org/,LinkML gen-harmony
edam:data_1520,Peptide hydrophobic moment,EnumEDAMDataTypes,,,data_1520,Peptide hydrophobic moment,http://edamontology.org/,LinkML gen-harmony
edam:data_1521,Protein aliphatic index,EnumEDAMDataTypes,,,data_1521,Protein aliphatic index,http://edamontology.org/,LinkML gen-harmony
edam:data_1522,Protein sequence hydropathy plot,EnumEDAMDataTypes,,,data_1522,Protein sequence hydropathy plot,http://edamontology.org/,LinkML gen-harmony
edam:data_1523,Protein charge plot,EnumEDAMDataTypes,,,data_1523,Protein charge plot,http://edamontology.org/,LinkML gen-harmony
edam:data_1524,Protein solubility,EnumEDAMDataTypes,,,data_1524,Protein solubility,http://edamontology.org/,LinkML gen-harmony
edam:data_1525,Protein crystallizability,EnumEDAMDataTypes,,,data_1525,Protein crystallizability,http://edamontology.org/,LinkML gen-harmony
edam:data_1526,Protein globularity,EnumEDAMDataTypes,,,data_1526,Protein globularity,http://edamontology.org/,LinkML gen-harmony
edam:data_1527,Protein titration curve,EnumEDAMDataTypes,,,data_1527,Protein titration curve,http://edamontology.org/,LinkML gen-harmony
edam:data_1528,Protein isoelectric point,EnumEDAMDataTypes,,,data_1528,Protein isoelectric point,http://edamontology.org/,LinkML gen-harmony
edam:data_1529,Protein pKa value,EnumEDAMDataTypes,,,data_1529,Protein pKa value,http://edamontology.org/,LinkML gen-harmony
edam:data_1530,Protein hydrogen exchange rate,EnumEDAMDataTypes,,,data_1530,Protein hydrogen exchange rate,http://edamontology.org/,LinkML gen-harmony
edam:data_1531,Protein extinction coefficient,EnumEDAMDataTypes,,,data_1531,Protein extinction coefficient,http://edamontology.org/,LinkML gen-harmony
edam:data_1532,Protein optical density,EnumEDAMDataTypes,,,data_1532,Protein optical density,http://edamontology.org/,LinkML gen-harmony
edam:data_1534,Peptide immunogenicity data,EnumEDAMDataTypes,,,data_1534,Peptide immunogenicity data,http://edamontology.org/,LinkML gen-harmony
edam:data_1537,Protein structure report,EnumEDAMDataTypes,,,data_1537,Protein structure report,http://edamontology.org/,LinkML gen-harmony
edam:data_1539,Protein structural quality report,EnumEDAMDataTypes,,,data_1539,Protein structural quality report,http://edamontology.org/,LinkML gen-harmony
edam:data_1542,Protein solvent accessibility,EnumEDAMDataTypes,,,data_1542,Protein solvent accessibility,http://edamontology.org/,LinkML gen-harmony
edam:data_1544,Ramachandran plot,EnumEDAMDataTypes,,,data_1544,Ramachandran plot,http://edamontology.org/,LinkML gen-harmony
edam:data_1545,Protein dipole moment,EnumEDAMDataTypes,,,data_1545,Protein dipole moment,http://edamontology.org/,LinkML gen-harmony
edam:data_1546,Protein distance matrix,EnumEDAMDataTypes,,,data_1546,Protein distance matrix,http://edamontology.org/,LinkML gen-harmony
edam:data_1547,Protein contact map,EnumEDAMDataTypes,,,data_1547,Protein contact map,http://edamontology.org/,LinkML gen-harmony
edam:data_1548,Protein residue 3D cluster,EnumEDAMDataTypes,,,data_1548,Protein residue 3D cluster,http://edamontology.org/,LinkML gen-harmony
edam:data_1549,Protein hydrogen bonds,EnumEDAMDataTypes,,,data_1549,Protein hydrogen bonds,http://edamontology.org/,LinkML gen-harmony
edam:data_1566,Protein-ligand interaction report,EnumEDAMDataTypes,,,data_1566,Protein-ligand interaction report,http://edamontology.org/,LinkML gen-harmony
edam:data_1583,Nucleic acid melting profile,EnumEDAMDataTypes,,,data_1583,Nucleic acid melting profile,http://edamontology.org/,LinkML gen-harmony
edam:data_1584,Nucleic acid enthalpy,EnumEDAMDataTypes,,,data_1584,Nucleic acid enthalpy,http://edamontology.org/,LinkML gen-harmony
edam:data_1585,Nucleic acid entropy,EnumEDAMDataTypes,,,data_1585,Nucleic acid entropy,http://edamontology.org/,LinkML gen-harmony
edam:data_1588,DNA base pair stacking energies data,EnumEDAMDataTypes,,,data_1588,DNA base pair stacking energies data,http://edamontology.org/,LinkML gen-harmony
edam:data_1589,DNA base pair twist angle data,EnumEDAMDataTypes,,,data_1589,DNA base pair twist angle data,http://edamontology.org/,LinkML gen-harmony
edam:data_1590,DNA base trimer roll angles data,EnumEDAMDataTypes,,,data_1590,DNA base trimer roll angles data,http://edamontology.org/,LinkML gen-harmony
edam:data_1595,Base pairing probability matrix dotplot,EnumEDAMDataTypes,,,data_1595,Base pairing probability matrix dotplot,http://edamontology.org/,LinkML gen-harmony
edam:data_1596,Nucleic acid folding report,EnumEDAMDataTypes,,,data_1596,Nucleic acid folding report,http://edamontology.org/,LinkML gen-harmony
edam:data_1597,Codon usage table,EnumEDAMDataTypes,,,data_1597,Codon usage table,http://edamontology.org/,LinkML gen-harmony
edam:data_1598,Genetic code,EnumEDAMDataTypes,,,data_1598,Genetic code,http://edamontology.org/,LinkML gen-harmony
edam:data_1600,Codon usage bias plot,EnumEDAMDataTypes,,,data_1600,Codon usage bias plot,http://edamontology.org/,LinkML gen-harmony
edam:data_1602,Codon usage fraction difference,EnumEDAMDataTypes,,,data_1602,Codon usage fraction difference,http://edamontology.org/,LinkML gen-harmony
edam:data_1621,Pharmacogenomic test report,EnumEDAMDataTypes,,,data_1621,Pharmacogenomic test report,http://edamontology.org/,LinkML gen-harmony
edam:data_1622,Disease report,EnumEDAMDataTypes,,,data_1622,Disease report,http://edamontology.org/,LinkML gen-harmony
edam:data_1636,Heat map,EnumEDAMDataTypes,,,data_1636,Heat map,http://edamontology.org/,LinkML gen-harmony
edam:data_1667,E-value,EnumEDAMDataTypes,,,data_1667,E-value,http://edamontology.org/,LinkML gen-harmony
edam:data_1668,Z-value,EnumEDAMDataTypes,,,data_1668,Z-value,http://edamontology.org/,LinkML gen-harmony
edam:data_1669,P-value,EnumEDAMDataTypes,,,data_1669,P-value,http://edamontology.org/,LinkML gen-harmony
edam:data_1689,Username,EnumEDAMDataTypes,,,data_1689,Username,http://edamontology.org/,LinkML gen-harmony
edam:data_1690,Password,EnumEDAMDataTypes,,,data_1690,Password,http://edamontology.org/,LinkML gen-harmony
edam:data_1691,Email address,EnumEDAMDataTypes,,,data_1691,Email address,http://edamontology.org/,LinkML gen-harmony
edam:data_1692,Person name,EnumEDAMDataTypes,,,data_1692,Person name,http://edamontology.org/,LinkML gen-harmony
edam:data_1696,Drug report,EnumEDAMDataTypes,,,data_1696,Drug report,http://edamontology.org/,LinkML gen-harmony
edam:data_1707,Phylogenetic tree image,EnumEDAMDataTypes,,,data_1707,Phylogenetic tree image,http://edamontology.org/,LinkML gen-harmony
edam:data_1708,RNA secondary structure image,EnumEDAMDataTypes,,,data_1708,RNA secondary structure image,http://edamontology.org/,LinkML gen-harmony
edam:data_1709,Protein secondary structure image,EnumEDAMDataTypes,,,data_1709,Protein secondary structure image,http://edamontology.org/,LinkML gen-harmony
edam:data_1710,Structure image,EnumEDAMDataTypes,,,data_1710,Structure image,http://edamontology.org/,LinkML gen-harmony
edam:data_1711,Sequence alignment image,EnumEDAMDataTypes,,,data_1711,Sequence alignment image,http://edamontology.org/,LinkML gen-harmony
edam:data_1712,Chemical structure image,EnumEDAMDataTypes,,,data_1712,Chemical structure image,http://edamontology.org/,LinkML gen-harmony
edam:data_1713,Fate map,EnumEDAMDataTypes,,,data_1713,Fate map,http://edamontology.org/,LinkML gen-harmony
edam:data_1714,Microarray spots image,EnumEDAMDataTypes,,,data_1714,Microarray spots image,http://edamontology.org/,LinkML gen-harmony
edam:data_1731,Ontology concept definition,EnumEDAMDataTypes,,,data_1731,Ontology concept definition,http://edamontology.org/,LinkML gen-harmony
edam:data_1742,PDB residue number,EnumEDAMDataTypes,,,data_1742,PDB residue number,http://edamontology.org/,LinkML gen-harmony
edam:data_1743,Atomic coordinate,EnumEDAMDataTypes,,,data_1743,Atomic coordinate,http://edamontology.org/,LinkML gen-harmony
edam:data_1748,PDB atom name,EnumEDAMDataTypes,,,data_1748,PDB atom name,http://edamontology.org/,LinkML gen-harmony
edam:data_1755,Protein atom,EnumEDAMDataTypes,,,data_1755,Protein atom,http://edamontology.org/,LinkML gen-harmony
edam:data_1756,Protein residue,EnumEDAMDataTypes,,,data_1756,Protein residue,http://edamontology.org/,LinkML gen-harmony
edam:data_1757,Atom name,EnumEDAMDataTypes,,,data_1757,Atom name,http://edamontology.org/,LinkML gen-harmony
edam:data_1758,PDB residue name,EnumEDAMDataTypes,,,data_1758,PDB residue name,http://edamontology.org/,LinkML gen-harmony
edam:data_1759,PDB model number,EnumEDAMDataTypes,,,data_1759,PDB model number,http://edamontology.org/,LinkML gen-harmony
edam:data_1771,Sequence version,EnumEDAMDataTypes,,,data_1771,Sequence version,http://edamontology.org/,LinkML gen-harmony
edam:data_1772,Score,EnumEDAMDataTypes,,,data_1772,Score,http://edamontology.org/,LinkML gen-harmony
edam:data_1794,Gene ID (PlasmoDB),EnumEDAMDataTypes,,,data_1794,Gene ID (PlasmoDB),http://edamontology.org/,LinkML gen-harmony
edam:data_1795,Gene ID (EcoGene),EnumEDAMDataTypes,,,data_1795,Gene ID (EcoGene),http://edamontology.org/,LinkML gen-harmony
edam:data_1796,Gene ID (FlyBase),EnumEDAMDataTypes,,,data_1796,Gene ID (FlyBase),http://edamontology.org/,LinkML gen-harmony
edam:data_1802,Gene ID (Gramene),EnumEDAMDataTypes,,,data_1802,Gene ID (Gramene),http://edamontology.org/,LinkML gen-harmony
edam:data_1803,Gene ID (Virginia microbial),EnumEDAMDataTypes,,,data_1803,Gene ID (Virginia microbial),http://edamontology.org/,LinkML gen-harmony
edam:data_1804,Gene ID (SGN),EnumEDAMDataTypes,,,data_1804,Gene ID (SGN),http://edamontology.org/,LinkML gen-harmony
edam:data_1805,Gene ID (WormBase),EnumEDAMDataTypes,,,data_1805,Gene ID (WormBase),http://edamontology.org/,LinkML gen-harmony
edam:data_1807,ORF name,EnumEDAMDataTypes,,,data_1807,ORF name,http://edamontology.org/,LinkML gen-harmony
edam:data_1855,Clone ID,EnumEDAMDataTypes,,,data_1855,Clone ID,http://edamontology.org/,LinkML gen-harmony
edam:data_1856,PDB insertion code,EnumEDAMDataTypes,,,data_1856,PDB insertion code,http://edamontology.org/,LinkML gen-harmony
edam:data_1857,Atomic occupancy,EnumEDAMDataTypes,,,data_1857,Atomic occupancy,http://edamontology.org/,LinkML gen-harmony
edam:data_1858,Isotropic B factor,EnumEDAMDataTypes,,,data_1858,Isotropic B factor,http://edamontology.org/,LinkML gen-harmony
edam:data_1859,Deletion map,EnumEDAMDataTypes,,,data_1859,Deletion map,http://edamontology.org/,LinkML gen-harmony
edam:data_1860,QTL map,EnumEDAMDataTypes,,,data_1860,QTL map,http://edamontology.org/,LinkML gen-harmony
edam:data_1863,Haplotype map,EnumEDAMDataTypes,,,data_1863,Haplotype map,http://edamontology.org/,LinkML gen-harmony
edam:data_1867,Protein fold name,EnumEDAMDataTypes,,,data_1867,Protein fold name,http://edamontology.org/,LinkML gen-harmony
edam:data_1868,Taxon,EnumEDAMDataTypes,,,data_1868,Taxon,http://edamontology.org/,LinkML gen-harmony
edam:data_1869,Organism identifier,EnumEDAMDataTypes,,,data_1869,Organism identifier,http://edamontology.org/,LinkML gen-harmony
edam:data_1870,Genus name,EnumEDAMDataTypes,,,data_1870,Genus name,http://edamontology.org/,LinkML gen-harmony
edam:data_1872,Taxonomic classification,EnumEDAMDataTypes,,,data_1872,Taxonomic classification,http://edamontology.org/,LinkML gen-harmony
edam:data_1873,iHOP organism ID,EnumEDAMDataTypes,,,data_1873,iHOP organism ID,http://edamontology.org/,LinkML gen-harmony
edam:data_1874,Genbank common name,EnumEDAMDataTypes,,,data_1874,Genbank common name,http://edamontology.org/,LinkML gen-harmony
edam:data_1875,NCBI taxon,EnumEDAMDataTypes,,,data_1875,NCBI taxon,http://edamontology.org/,LinkML gen-harmony
edam:data_1881,Author ID,EnumEDAMDataTypes,,,data_1881,Author ID,http://edamontology.org/,LinkML gen-harmony
edam:data_1882,DragonDB author identifier,EnumEDAMDataTypes,,,data_1882,DragonDB author identifier,http://edamontology.org/,LinkML gen-harmony
edam:data_1883,Annotated URI,EnumEDAMDataTypes,,,data_1883,Annotated URI,http://edamontology.org/,LinkML gen-harmony
edam:data_1885,Gene ID (GeneFarm),EnumEDAMDataTypes,,,data_1885,Gene ID (GeneFarm),http://edamontology.org/,LinkML gen-harmony
edam:data_1886,Blattner number,EnumEDAMDataTypes,,,data_1886,Blattner number,http://edamontology.org/,LinkML gen-harmony
edam:data_1891,iHOP symbol,EnumEDAMDataTypes,,,data_1891,iHOP symbol,http://edamontology.org/,LinkML gen-harmony
edam:data_1893,Locus ID,EnumEDAMDataTypes,,,data_1893,Locus ID,http://edamontology.org/,LinkML gen-harmony
edam:data_1895,Locus ID (AGI),EnumEDAMDataTypes,,,data_1895,Locus ID (AGI),http://edamontology.org/,LinkML gen-harmony
edam:data_1896,Locus ID (ASPGD),EnumEDAMDataTypes,,,data_1896,Locus ID (ASPGD),http://edamontology.org/,LinkML gen-harmony
edam:data_1897,Locus ID (MGG),EnumEDAMDataTypes,,,data_1897,Locus ID (MGG),http://edamontology.org/,LinkML gen-harmony
edam:data_1898,Locus ID (CGD),EnumEDAMDataTypes,,,data_1898,Locus ID (CGD),http://edamontology.org/,LinkML gen-harmony
edam:data_1899,Locus ID (CMR),EnumEDAMDataTypes,,,data_1899,Locus ID (CMR),http://edamontology.org/,LinkML gen-harmony
edam:data_1900,NCBI locus tag,EnumEDAMDataTypes,,,data_1900,NCBI locus tag,http://edamontology.org/,LinkML gen-harmony
edam:data_1901,Locus ID (SGD),EnumEDAMDataTypes,,,data_1901,Locus ID (SGD),http://edamontology.org/,LinkML gen-harmony
edam:data_1902,Locus ID (MMP),EnumEDAMDataTypes,,,data_1902,Locus ID (MMP),http://edamontology.org/,LinkML gen-harmony
edam:data_1903,Locus ID (DictyBase),EnumEDAMDataTypes,,,data_1903,Locus ID (DictyBase),http://edamontology.org/,LinkML gen-harmony
edam:data_1904,Locus ID (EntrezGene),EnumEDAMDataTypes,,,data_1904,Locus ID (EntrezGene),http://edamontology.org/,LinkML gen-harmony
edam:data_1905,Locus ID (MaizeGDB),EnumEDAMDataTypes,,,data_1905,Locus ID (MaizeGDB),http://edamontology.org/,LinkML gen-harmony
edam:data_1907,Gene ID (KOME),EnumEDAMDataTypes,,,data_1907,Gene ID (KOME),http://edamontology.org/,LinkML gen-harmony
edam:data_1908,Locus ID (Tropgene),EnumEDAMDataTypes,,,data_1908,Locus ID (Tropgene),http://edamontology.org/,LinkML gen-harmony
edam:data_1916,Alignment,EnumEDAMDataTypes,,,data_1916,Alignment,http://edamontology.org/,LinkML gen-harmony
edam:data_1917,Atomic property,EnumEDAMDataTypes,,,data_1917,Atomic property,http://edamontology.org/,LinkML gen-harmony
edam:data_2007,UniProt keyword,EnumEDAMDataTypes,,,data_2007,UniProt keyword,http://edamontology.org/,LinkML gen-harmony
edam:data_2012,Sequence coordinates,EnumEDAMDataTypes,,,data_2012,Sequence coordinates,http://edamontology.org/,LinkML gen-harmony
edam:data_2016,Amino acid property,EnumEDAMDataTypes,,,data_2016,Amino acid property,http://edamontology.org/,LinkML gen-harmony
edam:data_2019,Map data,EnumEDAMDataTypes,,,data_2019,Map data,http://edamontology.org/,LinkML gen-harmony
edam:data_2024,Enzyme kinetics data,EnumEDAMDataTypes,,,data_2024,Enzyme kinetics data,http://edamontology.org/,LinkML gen-harmony
edam:data_2025,Michaelis Menten plot,EnumEDAMDataTypes,,,data_2025,Michaelis Menten plot,http://edamontology.org/,LinkML gen-harmony
edam:data_2026,Hanes Woolf plot,EnumEDAMDataTypes,,,data_2026,Hanes Woolf plot,http://edamontology.org/,LinkML gen-harmony
edam:data_2042,Evidence,EnumEDAMDataTypes,,,data_2042,Evidence,http://edamontology.org/,LinkML gen-harmony
edam:data_2044,Sequence,EnumEDAMDataTypes,,,data_2044,Sequence,http://edamontology.org/,LinkML gen-harmony
edam:data_2048,Report,EnumEDAMDataTypes,,,data_2048,Report,http://edamontology.org/,LinkML gen-harmony
edam:data_2050,Molecular property (general),EnumEDAMDataTypes,,,data_2050,Molecular property (general),http://edamontology.org/,LinkML gen-harmony
edam:data_2070,Sequence motif (nucleic acid),EnumEDAMDataTypes,,,data_2070,Sequence motif (nucleic acid),http://edamontology.org/,LinkML gen-harmony
edam:data_2071,Sequence motif (protein),EnumEDAMDataTypes,,,data_2071,Sequence motif (protein),http://edamontology.org/,LinkML gen-harmony
edam:data_2080,Database search results,EnumEDAMDataTypes,,,data_2080,Database search results,http://edamontology.org/,LinkML gen-harmony
edam:data_2082,Matrix,EnumEDAMDataTypes,,,data_2082,Matrix,http://edamontology.org/,LinkML gen-harmony
edam:data_2084,Nucleic acid report,EnumEDAMDataTypes,,,data_2084,Nucleic acid report,http://edamontology.org/,LinkML gen-harmony
edam:data_2085,Structure report,EnumEDAMDataTypes,,,data_2085,Structure report,http://edamontology.org/,LinkML gen-harmony
edam:data_2087,Molecular property,EnumEDAMDataTypes,,,data_2087,Molecular property,http://edamontology.org/,LinkML gen-harmony
edam:data_2088,DNA base structural data,EnumEDAMDataTypes,,,data_2088,DNA base structural data,http://edamontology.org/,LinkML gen-harmony
edam:data_2091,Accession,EnumEDAMDataTypes,,,data_2091,Accession,http://edamontology.org/,LinkML gen-harmony
edam:data_2093,Data reference,EnumEDAMDataTypes,,,data_2093,Data reference,http://edamontology.org/,LinkML gen-harmony
edam:data_2098,Job identifier,EnumEDAMDataTypes,,,data_2098,Job identifier,http://edamontology.org/,LinkML gen-harmony
edam:data_2099,Name,EnumEDAMDataTypes,,,data_2099,Name,http://edamontology.org/,LinkML gen-harmony
edam:data_2101,Account authentication,EnumEDAMDataTypes,,,data_2101,Account authentication,http://edamontology.org/,LinkML gen-harmony
edam:data_2102,KEGG organism code,EnumEDAMDataTypes,,,data_2102,KEGG organism code,http://edamontology.org/,LinkML gen-harmony
edam:data_2104,BioCyc ID,EnumEDAMDataTypes,,,data_2104,BioCyc ID,http://edamontology.org/,LinkML gen-harmony
edam:data_2105,Compound ID (BioCyc),EnumEDAMDataTypes,,,data_2105,Compound ID (BioCyc),http://edamontology.org/,LinkML gen-harmony
edam:data_2106,Reaction ID (BioCyc),EnumEDAMDataTypes,,,data_2106,Reaction ID (BioCyc),http://edamontology.org/,LinkML gen-harmony
edam:data_2107,Enzyme ID (BioCyc),EnumEDAMDataTypes,,,data_2107,Enzyme ID (BioCyc),http://edamontology.org/,LinkML gen-harmony
edam:data_2108,Reaction ID,EnumEDAMDataTypes,,,data_2108,Reaction ID,http://edamontology.org/,LinkML gen-harmony
edam:data_2109,Identifier (hybrid),EnumEDAMDataTypes,,,data_2109,Identifier (hybrid),http://edamontology.org/,LinkML gen-harmony
edam:data_2110,Molecular property identifier,EnumEDAMDataTypes,,,data_2110,Molecular property identifier,http://edamontology.org/,LinkML gen-harmony
edam:data_2111,Codon usage table ID,EnumEDAMDataTypes,,,data_2111,Codon usage table ID,http://edamontology.org/,LinkML gen-harmony
edam:data_2112,FlyBase primary identifier,EnumEDAMDataTypes,,,data_2112,FlyBase primary identifier,http://edamontology.org/,LinkML gen-harmony
edam:data_2113,WormBase identifier,EnumEDAMDataTypes,,,data_2113,WormBase identifier,http://edamontology.org/,LinkML gen-harmony
edam:data_2114,WormBase wormpep ID,EnumEDAMDataTypes,,,data_2114,WormBase wormpep ID,http://edamontology.org/,LinkML gen-harmony
edam:data_2117,Map identifier,EnumEDAMDataTypes,,,data_2117,Map identifier,http://edamontology.org/,LinkML gen-harmony
edam:data_2118,Person identifier,EnumEDAMDataTypes,,,data_2118,Person identifier,http://edamontology.org/,LinkML gen-harmony
edam:data_2119,Nucleic acid identifier,EnumEDAMDataTypes,,,data_2119,Nucleic acid identifier,http://edamontology.org/,LinkML gen-harmony
edam:data_2127,Genetic code identifier,EnumEDAMDataTypes,,,data_2127,Genetic code identifier,http://edamontology.org/,LinkML gen-harmony
edam:data_2128,Genetic code name,EnumEDAMDataTypes,,,data_2128,Genetic code name,http://edamontology.org/,LinkML gen-harmony
edam:data_2129,File format name,EnumEDAMDataTypes,,,data_2129,File format name,http://edamontology.org/,LinkML gen-harmony
edam:data_2131,Operating system name,EnumEDAMDataTypes,,,data_2131,Operating system name,http://edamontology.org/,LinkML gen-harmony
edam:data_2133,Logical operator,EnumEDAMDataTypes,,,data_2133,Logical operator,http://edamontology.org/,LinkML gen-harmony
edam:data_2137,Gap penalty,EnumEDAMDataTypes,,,data_2137,Gap penalty,http://edamontology.org/,LinkML gen-harmony
edam:data_2139,Nucleic acid melting temperature,EnumEDAMDataTypes,,,data_2139,Nucleic acid melting temperature,http://edamontology.org/,LinkML gen-harmony
edam:data_2140,Concentration,EnumEDAMDataTypes,,,data_2140,Concentration,http://edamontology.org/,LinkML gen-harmony
edam:data_2154,Sequence name,EnumEDAMDataTypes,,,data_2154,Sequence name,http://edamontology.org/,LinkML gen-harmony
edam:data_2160,Fickett testcode plot,EnumEDAMDataTypes,,,data_2160,Fickett testcode plot,http://edamontology.org/,LinkML gen-harmony
edam:data_2161,Sequence similarity plot,EnumEDAMDataTypes,,,data_2161,Sequence similarity plot,http://edamontology.org/,LinkML gen-harmony
edam:data_2162,Helical wheel,EnumEDAMDataTypes,,,data_2162,Helical wheel,http://edamontology.org/,LinkML gen-harmony
edam:data_2163,Helical net,EnumEDAMDataTypes,,,data_2163,Helical net,http://edamontology.org/,LinkML gen-harmony
edam:data_2165,Protein ionisation curve,EnumEDAMDataTypes,,,data_2165,Protein ionisation curve,http://edamontology.org/,LinkML gen-harmony
edam:data_2166,Sequence composition plot,EnumEDAMDataTypes,,,data_2166,Sequence composition plot,http://edamontology.org/,LinkML gen-harmony
edam:data_2167,Nucleic acid density plot,EnumEDAMDataTypes,,,data_2167,Nucleic acid density plot,http://edamontology.org/,LinkML gen-harmony
edam:data_2168,Sequence trace image,EnumEDAMDataTypes,,,data_2168,Sequence trace image,http://edamontology.org/,LinkML gen-harmony
edam:data_2174,FlyBase secondary identifier,EnumEDAMDataTypes,,,data_2174,FlyBase secondary identifier,http://edamontology.org/,LinkML gen-harmony
edam:data_2190,Sequence checksum,EnumEDAMDataTypes,,,data_2190,Sequence checksum,http://edamontology.org/,LinkML gen-harmony
edam:data_2193,Database entry metadata,EnumEDAMDataTypes,,,data_2193,Database entry metadata,http://edamontology.org/,LinkML gen-harmony
edam:data_2208,Plasmid identifier,EnumEDAMDataTypes,,,data_2208,Plasmid identifier,http://edamontology.org/,LinkML gen-harmony
edam:data_2209,Mutation ID,EnumEDAMDataTypes,,,data_2209,Mutation ID,http://edamontology.org/,LinkML gen-harmony
edam:data_2216,Codon number,EnumEDAMDataTypes,,,data_2216,Codon number,http://edamontology.org/,LinkML gen-harmony
edam:data_2219,Database field name,EnumEDAMDataTypes,,,data_2219,Database field name,http://edamontology.org/,LinkML gen-harmony
edam:data_2220,Sequence cluster ID (SYSTERS),EnumEDAMDataTypes,,,data_2220,Sequence cluster ID (SYSTERS),http://edamontology.org/,LinkML gen-harmony
edam:data_2223,Ontology metadata,EnumEDAMDataTypes,,,data_2223,Ontology metadata,http://edamontology.org/,LinkML gen-harmony
edam:data_2253,Data resource definition name,EnumEDAMDataTypes,,,data_2253,Data resource definition name,http://edamontology.org/,LinkML gen-harmony
edam:data_2254,OBO file format name,EnumEDAMDataTypes,,,data_2254,OBO file format name,http://edamontology.org/,LinkML gen-harmony
edam:data_2285,Gene ID (MIPS),EnumEDAMDataTypes,,,data_2285,Gene ID (MIPS),http://edamontology.org/,LinkML gen-harmony
edam:data_2290,EMBL accession,EnumEDAMDataTypes,,,data_2290,EMBL accession,http://edamontology.org/,LinkML gen-harmony
edam:data_2291,UniProt ID,EnumEDAMDataTypes,,,data_2291,UniProt ID,http://edamontology.org/,LinkML gen-harmony
edam:data_2292,GenBank accession,EnumEDAMDataTypes,,,data_2292,GenBank accession,http://edamontology.org/,LinkML gen-harmony
edam:data_2293,Gramene secondary identifier,EnumEDAMDataTypes,,,data_2293,Gramene secondary identifier,http://edamontology.org/,LinkML gen-harmony
edam:data_2294,Sequence variation ID,EnumEDAMDataTypes,,,data_2294,Sequence variation ID,http://edamontology.org/,LinkML gen-harmony
edam:data_2295,Gene ID,EnumEDAMDataTypes,,,data_2295,Gene ID,http://edamontology.org/,LinkML gen-harmony
edam:data_2297,Gene ID (ECK),EnumEDAMDataTypes,,,data_2297,Gene ID (ECK),http://edamontology.org/,LinkML gen-harmony
edam:data_2298,Gene ID (HGNC),EnumEDAMDataTypes,,,data_2298,Gene ID (HGNC),http://edamontology.org/,LinkML gen-harmony
edam:data_2299,Gene name,EnumEDAMDataTypes,,,data_2299,Gene name,http://edamontology.org/,LinkML gen-harmony
edam:data_2301,SMILES string,EnumEDAMDataTypes,,,data_2301,SMILES string,http://edamontology.org/,LinkML gen-harmony
edam:data_2302,STRING ID,EnumEDAMDataTypes,,,data_2302,STRING ID,http://edamontology.org/,LinkML gen-harmony
edam:data_2309,Reaction ID (SABIO-RK),EnumEDAMDataTypes,,,data_2309,Reaction ID (SABIO-RK),http://edamontology.org/,LinkML gen-harmony
edam:data_2313,Carbohydrate report,EnumEDAMDataTypes,,,data_2313,Carbohydrate report,http://edamontology.org/,LinkML gen-harmony
edam:data_2314,GI number,EnumEDAMDataTypes,,,data_2314,GI number,http://edamontology.org/,LinkML gen-harmony
edam:data_2315,NCBI version,EnumEDAMDataTypes,,,data_2315,NCBI version,http://edamontology.org/,LinkML gen-harmony
edam:data_2316,Cell line name,EnumEDAMDataTypes,,,data_2316,Cell line name,http://edamontology.org/,LinkML gen-harmony
edam:data_2317,Cell line name (exact),EnumEDAMDataTypes,,,data_2317,Cell line name (exact),http://edamontology.org/,LinkML gen-harmony
edam:data_2318,Cell line name (truncated),EnumEDAMDataTypes,,,data_2318,Cell line name (truncated),http://edamontology.org/,LinkML gen-harmony
edam:data_2319,Cell line name (no punctuation),EnumEDAMDataTypes,,,data_2319,Cell line name (no punctuation),http://edamontology.org/,LinkML gen-harmony
edam:data_2320,Cell line name (assonant),EnumEDAMDataTypes,,,data_2320,Cell line name (assonant),http://edamontology.org/,LinkML gen-harmony
edam:data_2321,Enzyme ID,EnumEDAMDataTypes,,,data_2321,Enzyme ID,http://edamontology.org/,LinkML gen-harmony
edam:data_2325,REBASE enzyme number,EnumEDAMDataTypes,,,data_2325,REBASE enzyme number,http://edamontology.org/,LinkML gen-harmony
edam:data_2326,DrugBank ID,EnumEDAMDataTypes,,,data_2326,DrugBank ID,http://edamontology.org/,LinkML gen-harmony
edam:data_2327,GI number (protein),EnumEDAMDataTypes,,,data_2327,GI number (protein),http://edamontology.org/,LinkML gen-harmony
edam:data_2335,Bit score,EnumEDAMDataTypes,,,data_2335,Bit score,http://edamontology.org/,LinkML gen-harmony
edam:data_2337,Resource metadata,EnumEDAMDataTypes,,,data_2337,Resource metadata,http://edamontology.org/,LinkML gen-harmony
edam:data_2338,Ontology identifier,EnumEDAMDataTypes,,,data_2338,Ontology identifier,http://edamontology.org/,LinkML gen-harmony
edam:data_2339,Ontology concept name,EnumEDAMDataTypes,,,data_2339,Ontology concept name,http://edamontology.org/,LinkML gen-harmony
edam:data_2340,Genome build identifier,EnumEDAMDataTypes,,,data_2340,Genome build identifier,http://edamontology.org/,LinkML gen-harmony
edam:data_2342,Pathway or network name,EnumEDAMDataTypes,,,data_2342,Pathway or network name,http://edamontology.org/,LinkML gen-harmony
edam:data_2343,Pathway ID (KEGG),EnumEDAMDataTypes,,,data_2343,Pathway ID (KEGG),http://edamontology.org/,LinkML gen-harmony
edam:data_2344,Pathway ID (NCI-Nature),EnumEDAMDataTypes,,,data_2344,Pathway ID (NCI-Nature),http://edamontology.org/,LinkML gen-harmony
edam:data_2345,Pathway ID (ConsensusPathDB),EnumEDAMDataTypes,,,data_2345,Pathway ID (ConsensusPathDB),http://edamontology.org/,LinkML gen-harmony
edam:data_2346,Sequence cluster ID (UniRef),EnumEDAMDataTypes,,,data_2346,Sequence cluster ID (UniRef),http://edamontology.org/,LinkML gen-harmony
edam:data_2347,Sequence cluster ID (UniRef100),EnumEDAMDataTypes,,,data_2347,Sequence cluster ID (UniRef100),http://edamontology.org/,LinkML gen-harmony
edam:data_2348,Sequence cluster ID (UniRef90),EnumEDAMDataTypes,,,data_2348,Sequence cluster ID (UniRef90),http://edamontology.org/,LinkML gen-harmony
edam:data_2349,Sequence cluster ID (UniRef50),EnumEDAMDataTypes,,,data_2349,Sequence cluster ID (UniRef50),http://edamontology.org/,LinkML gen-harmony
edam:data_2353,Ontology data,EnumEDAMDataTypes,,,data_2353,Ontology data,http://edamontology.org/,LinkML gen-harmony
edam:data_2354,RNA family report,EnumEDAMDataTypes,,,data_2354,RNA family report,http://edamontology.org/,LinkML gen-harmony
edam:data_2355,RNA family identifier,EnumEDAMDataTypes,,,data_2355,RNA family identifier,http://edamontology.org/,LinkML gen-harmony
edam:data_2356,RFAM accession,EnumEDAMDataTypes,,,data_2356,RFAM accession,http://edamontology.org/,LinkML gen-harmony
edam:data_2362,Sequence accession (hybrid),EnumEDAMDataTypes,,,data_2362,Sequence accession (hybrid),http://edamontology.org/,LinkML gen-harmony
edam:data_2365,Pathway or network accession,EnumEDAMDataTypes,,,data_2365,Pathway or network accession,http://edamontology.org/,LinkML gen-harmony
edam:data_2366,Secondary structure alignment,EnumEDAMDataTypes,,,data_2366,Secondary structure alignment,http://edamontology.org/,LinkML gen-harmony
edam:data_2367,ASTD ID,EnumEDAMDataTypes,,,data_2367,ASTD ID,http://edamontology.org/,LinkML gen-harmony
edam:data_2368,ASTD ID (exon),EnumEDAMDataTypes,,,data_2368,ASTD ID (exon),http://edamontology.org/,LinkML gen-harmony
edam:data_2369,ASTD ID (intron),EnumEDAMDataTypes,,,data_2369,ASTD ID (intron),http://edamontology.org/,LinkML gen-harmony
edam:data_2370,ASTD ID (polya),EnumEDAMDataTypes,,,data_2370,ASTD ID (polya),http://edamontology.org/,LinkML gen-harmony
edam:data_2371,ASTD ID (tss),EnumEDAMDataTypes,,,data_2371,ASTD ID (tss),http://edamontology.org/,LinkML gen-harmony
edam:data_2373,Spot ID,EnumEDAMDataTypes,,,data_2373,Spot ID,http://edamontology.org/,LinkML gen-harmony
edam:data_2374,Spot serial number,EnumEDAMDataTypes,,,data_2374,Spot serial number,http://edamontology.org/,LinkML gen-harmony
edam:data_2375,Spot ID (HSC-2DPAGE),EnumEDAMDataTypes,,,data_2375,Spot ID (HSC-2DPAGE),http://edamontology.org/,LinkML gen-harmony
edam:data_2379,Strain identifier,EnumEDAMDataTypes,,,data_2379,Strain identifier,http://edamontology.org/,LinkML gen-harmony
edam:data_2380,CABRI accession,EnumEDAMDataTypes,,,data_2380,CABRI accession,http://edamontology.org/,LinkML gen-harmony
edam:data_2382,Genotype experiment ID,EnumEDAMDataTypes,,,data_2382,Genotype experiment ID,http://edamontology.org/,LinkML gen-harmony
edam:data_2383,EGA accession,EnumEDAMDataTypes,,,data_2383,EGA accession,http://edamontology.org/,LinkML gen-harmony
edam:data_2384,IPI protein ID,EnumEDAMDataTypes,,,data_2384,IPI protein ID,http://edamontology.org/,LinkML gen-harmony
edam:data_2385,RefSeq accession (protein),EnumEDAMDataTypes,,,data_2385,RefSeq accession (protein),http://edamontology.org/,LinkML gen-harmony
edam:data_2386,EPD ID,EnumEDAMDataTypes,,,data_2386,EPD ID,http://edamontology.org/,LinkML gen-harmony
edam:data_2387,TAIR accession,EnumEDAMDataTypes,,,data_2387,TAIR accession,http://edamontology.org/,LinkML gen-harmony
edam:data_2388,TAIR accession (At gene),EnumEDAMDataTypes,,,data_2388,TAIR accession (At gene),http://edamontology.org/,LinkML gen-harmony
edam:data_2389,UniSTS accession,EnumEDAMDataTypes,,,data_2389,UniSTS accession,http://edamontology.org/,LinkML gen-harmony
edam:data_2390,UNITE accession,EnumEDAMDataTypes,,,data_2390,UNITE accession,http://edamontology.org/,LinkML gen-harmony
edam:data_2391,UTR accession,EnumEDAMDataTypes,,,data_2391,UTR accession,http://edamontology.org/,LinkML gen-harmony
edam:data_2392,UniParc accession,EnumEDAMDataTypes,,,data_2392,UniParc accession,http://edamontology.org/,LinkML gen-harmony
edam:data_2393,mFLJ/mKIAA number,EnumEDAMDataTypes,,,data_2393,mFLJ/mKIAA number,http://edamontology.org/,LinkML gen-harmony
edam:data_2398,Ensembl protein ID,EnumEDAMDataTypes,,,data_2398,Ensembl protein ID,http://edamontology.org/,LinkML gen-harmony
edam:data_2523,Phylogenetic data,EnumEDAMDataTypes,,,data_2523,Phylogenetic data,http://edamontology.org/,LinkML gen-harmony
edam:data_2526,Text data,EnumEDAMDataTypes,,,data_2526,Text data,http://edamontology.org/,LinkML gen-harmony
edam:data_2530,Organism report,EnumEDAMDataTypes,,,data_2530,Organism report,http://edamontology.org/,LinkML gen-harmony
edam:data_2531,Protocol,EnumEDAMDataTypes,,,data_2531,Protocol,http://edamontology.org/,LinkML gen-harmony
edam:data_2534,Sequence attribute,EnumEDAMDataTypes,,,data_2534,Sequence attribute,http://edamontology.org/,LinkML gen-harmony
edam:data_2535,Sequence tag profile,EnumEDAMDataTypes,,,data_2535,Sequence tag profile,http://edamontology.org/,LinkML gen-harmony
edam:data_2536,Mass spectrometry data,EnumEDAMDataTypes,,,data_2536,Mass spectrometry data,http://edamontology.org/,LinkML gen-harmony
edam:data_2537,Protein structure raw data,EnumEDAMDataTypes,,,data_2537,Protein structure raw data,http://edamontology.org/,LinkML gen-harmony
edam:data_2538,Mutation identifier,EnumEDAMDataTypes,,,data_2538,Mutation identifier,http://edamontology.org/,LinkML gen-harmony
edam:data_2563,Amino acid name (single letter),EnumEDAMDataTypes,,,data_2563,Amino acid name (single letter),http://edamontology.org/,LinkML gen-harmony
edam:data_2564,Amino acid name (three letter),EnumEDAMDataTypes,,,data_2564,Amino acid name (three letter),http://edamontology.org/,LinkML gen-harmony
edam:data_2565,Amino acid name (full name),EnumEDAMDataTypes,,,data_2565,Amino acid name (full name),http://edamontology.org/,LinkML gen-harmony
edam:data_2576,Toxin identifier,EnumEDAMDataTypes,,,data_2576,Toxin identifier,http://edamontology.org/,LinkML gen-harmony
edam:data_2578,ArachnoServer ID,EnumEDAMDataTypes,,,data_2578,ArachnoServer ID,http://edamontology.org/,LinkML gen-harmony
edam:data_2580,BindingDB Monomer ID,EnumEDAMDataTypes,,,data_2580,BindingDB Monomer ID,http://edamontology.org/,LinkML gen-harmony
edam:data_2582,GO concept ID (biological process),EnumEDAMDataTypes,,,data_2582,GO concept ID (biological process),http://edamontology.org/,LinkML gen-harmony
edam:data_2583,GO concept ID (molecular function),EnumEDAMDataTypes,,,data_2583,GO concept ID (molecular function),http://edamontology.org/,LinkML gen-harmony
edam:data_2586,Northern blot image,EnumEDAMDataTypes,,,data_2586,Northern blot image,http://edamontology.org/,LinkML gen-harmony
edam:data_2587,Blot ID,EnumEDAMDataTypes,,,data_2587,Blot ID,http://edamontology.org/,LinkML gen-harmony
edam:data_2588,BlotBase blot ID,EnumEDAMDataTypes,,,data_2588,BlotBase blot ID,http://edamontology.org/,LinkML gen-harmony
edam:data_2589,Hierarchy,EnumEDAMDataTypes,,,data_2589,Hierarchy,http://edamontology.org/,LinkML gen-harmony
edam:data_2591,Brite hierarchy ID,EnumEDAMDataTypes,,,data_2591,Brite hierarchy ID,http://edamontology.org/,LinkML gen-harmony
edam:data_2593,BRENDA organism ID,EnumEDAMDataTypes,,,data_2593,BRENDA organism ID,http://edamontology.org/,LinkML gen-harmony
edam:data_2594,UniGene taxon,EnumEDAMDataTypes,,,data_2594,UniGene taxon,http://edamontology.org/,LinkML gen-harmony
edam:data_2595,UTRdb taxon,EnumEDAMDataTypes,,,data_2595,UTRdb taxon,http://edamontology.org/,LinkML gen-harmony
edam:data_2596,Catalogue ID,EnumEDAMDataTypes,,,data_2596,Catalogue ID,http://edamontology.org/,LinkML gen-harmony
edam:data_2597,CABRI catalogue name,EnumEDAMDataTypes,,,data_2597,CABRI catalogue name,http://edamontology.org/,LinkML gen-harmony
edam:data_2600,Pathway or network,EnumEDAMDataTypes,,,data_2600,Pathway or network,http://edamontology.org/,LinkML gen-harmony
edam:data_2603,Expression data,EnumEDAMDataTypes,,,data_2603,Expression data,http://edamontology.org/,LinkML gen-harmony
edam:data_2605,Compound ID (KEGG),EnumEDAMDataTypes,,,data_2605,Compound ID (KEGG),http://edamontology.org/,LinkML gen-harmony
edam:data_2606,RFAM name,EnumEDAMDataTypes,,,data_2606,RFAM name,http://edamontology.org/,LinkML gen-harmony
edam:data_2608,Reaction ID (KEGG),EnumEDAMDataTypes,,,data_2608,Reaction ID (KEGG),http://edamontology.org/,LinkML gen-harmony
edam:data_2609,Drug ID (KEGG),EnumEDAMDataTypes,,,data_2609,Drug ID (KEGG),http://edamontology.org/,LinkML gen-harmony
edam:data_2610,Ensembl ID,EnumEDAMDataTypes,,,data_2610,Ensembl ID,http://edamontology.org/,LinkML gen-harmony
edam:data_2611,ICD identifier,EnumEDAMDataTypes,,,data_2611,ICD identifier,http://edamontology.org/,LinkML gen-harmony
edam:data_2612,Sequence cluster ID (CluSTr),EnumEDAMDataTypes,,,data_2612,Sequence cluster ID (CluSTr),http://edamontology.org/,LinkML gen-harmony
edam:data_2613,KEGG Glycan ID,EnumEDAMDataTypes,,,data_2613,KEGG Glycan ID,http://edamontology.org/,LinkML gen-harmony
edam:data_2614,TCDB ID,EnumEDAMDataTypes,,,data_2614,TCDB ID,http://edamontology.org/,LinkML gen-harmony
edam:data_2615,MINT ID,EnumEDAMDataTypes,,,data_2615,MINT ID,http://edamontology.org/,LinkML gen-harmony
edam:data_2616,DIP ID,EnumEDAMDataTypes,,,data_2616,DIP ID,http://edamontology.org/,LinkML gen-harmony
edam:data_2617,Signaling Gateway protein ID,EnumEDAMDataTypes,,,data_2617,Signaling Gateway protein ID,http://edamontology.org/,LinkML gen-harmony
edam:data_2618,Protein modification ID,EnumEDAMDataTypes,,,data_2618,Protein modification ID,http://edamontology.org/,LinkML gen-harmony
edam:data_2619,RESID ID,EnumEDAMDataTypes,,,data_2619,RESID ID,http://edamontology.org/,LinkML gen-harmony
edam:data_2620,RGD ID,EnumEDAMDataTypes,,,data_2620,RGD ID,http://edamontology.org/,LinkML gen-harmony
edam:data_2621,TAIR accession (protein),EnumEDAMDataTypes,,,data_2621,TAIR accession (protein),http://edamontology.org/,LinkML gen-harmony
edam:data_2622,Compound ID (HMDB),EnumEDAMDataTypes,,,data_2622,Compound ID (HMDB),http://edamontology.org/,LinkML gen-harmony
edam:data_2625,LIPID MAPS ID,EnumEDAMDataTypes,,,data_2625,LIPID MAPS ID,http://edamontology.org/,LinkML gen-harmony
edam:data_2626,PeptideAtlas ID,EnumEDAMDataTypes,,,data_2626,PeptideAtlas ID,http://edamontology.org/,LinkML gen-harmony
edam:data_2628,BioGRID interaction ID,EnumEDAMDataTypes,,,data_2628,BioGRID interaction ID,http://edamontology.org/,LinkML gen-harmony
edam:data_2629,Enzyme ID (MEROPS),EnumEDAMDataTypes,,,data_2629,Enzyme ID (MEROPS),http://edamontology.org/,LinkML gen-harmony
edam:data_2630,Mobile genetic element ID,EnumEDAMDataTypes,,,data_2630,Mobile genetic element ID,http://edamontology.org/,LinkML gen-harmony
edam:data_2631,ACLAME ID,EnumEDAMDataTypes,,,data_2631,ACLAME ID,http://edamontology.org/,LinkML gen-harmony
edam:data_2632,SGD ID,EnumEDAMDataTypes,,,data_2632,SGD ID,http://edamontology.org/,LinkML gen-harmony
edam:data_2633,Book ID,EnumEDAMDataTypes,,,data_2633,Book ID,http://edamontology.org/,LinkML gen-harmony
edam:data_2634,ISBN,EnumEDAMDataTypes,,,data_2634,ISBN,http://edamontology.org/,LinkML gen-harmony
edam:data_2635,Compound ID (3DMET),EnumEDAMDataTypes,,,data_2635,Compound ID (3DMET),http://edamontology.org/,LinkML gen-harmony
edam:data_2636,MatrixDB interaction ID,EnumEDAMDataTypes,,,data_2636,MatrixDB interaction ID,http://edamontology.org/,LinkML gen-harmony
edam:data_2637,cPath ID,EnumEDAMDataTypes,,,data_2637,cPath ID,http://edamontology.org/,LinkML gen-harmony
edam:data_2638,PubChem bioassay ID,EnumEDAMDataTypes,,,data_2638,PubChem bioassay ID,http://edamontology.org/,LinkML gen-harmony
edam:data_2639,PubChem ID,EnumEDAMDataTypes,,,data_2639,PubChem ID,http://edamontology.org/,LinkML gen-harmony
edam:data_2641,Reaction ID (MACie),EnumEDAMDataTypes,,,data_2641,Reaction ID (MACie),http://edamontology.org/,LinkML gen-harmony
edam:data_2642,Gene ID (miRBase),EnumEDAMDataTypes,,,data_2642,Gene ID (miRBase),http://edamontology.org/,LinkML gen-harmony
edam:data_2643,Gene ID (ZFIN),EnumEDAMDataTypes,,,data_2643,Gene ID (ZFIN),http://edamontology.org/,LinkML gen-harmony
edam:data_2644,Reaction ID (Rhea),EnumEDAMDataTypes,,,data_2644,Reaction ID (Rhea),http://edamontology.org/,LinkML gen-harmony
edam:data_2645,Pathway ID (Unipathway),EnumEDAMDataTypes,,,data_2645,Pathway ID (Unipathway),http://edamontology.org/,LinkML gen-harmony
edam:data_2646,Compound ID (ChEMBL),EnumEDAMDataTypes,,,data_2646,Compound ID (ChEMBL),http://edamontology.org/,LinkML gen-harmony
edam:data_2647,LGICdb identifier,EnumEDAMDataTypes,,,data_2647,LGICdb identifier,http://edamontology.org/,LinkML gen-harmony
edam:data_2648,Reaction kinetics ID (SABIO-RK),EnumEDAMDataTypes,,,data_2648,Reaction kinetics ID (SABIO-RK),http://edamontology.org/,LinkML gen-harmony
edam:data_2649,PharmGKB ID,EnumEDAMDataTypes,,,data_2649,PharmGKB ID,http://edamontology.org/,LinkML gen-harmony
edam:data_2650,Pathway ID (PharmGKB),EnumEDAMDataTypes,,,data_2650,Pathway ID (PharmGKB),http://edamontology.org/,LinkML gen-harmony
edam:data_2651,Disease ID (PharmGKB),EnumEDAMDataTypes,,,data_2651,Disease ID (PharmGKB),http://edamontology.org/,LinkML gen-harmony
edam:data_2652,Drug ID (PharmGKB),EnumEDAMDataTypes,,,data_2652,Drug ID (PharmGKB),http://edamontology.org/,LinkML gen-harmony
edam:data_2653,Drug ID (TTD),EnumEDAMDataTypes,,,data_2653,Drug ID (TTD),http://edamontology.org/,LinkML gen-harmony
edam:data_2654,Target ID (TTD),EnumEDAMDataTypes,,,data_2654,Target ID (TTD),http://edamontology.org/,LinkML gen-harmony
edam:data_2655,Cell type identifier,EnumEDAMDataTypes,,,data_2655,Cell type identifier,http://edamontology.org/,LinkML gen-harmony
edam:data_2656,NeuronDB ID,EnumEDAMDataTypes,,,data_2656,NeuronDB ID,http://edamontology.org/,LinkML gen-harmony
edam:data_2657,NeuroMorpho ID,EnumEDAMDataTypes,,,data_2657,NeuroMorpho ID,http://edamontology.org/,LinkML gen-harmony
edam:data_2658,Compound ID (ChemIDplus),EnumEDAMDataTypes,,,data_2658,Compound ID (ChemIDplus),http://edamontology.org/,LinkML gen-harmony
edam:data_2659,Pathway ID (SMPDB),EnumEDAMDataTypes,,,data_2659,Pathway ID (SMPDB),http://edamontology.org/,LinkML gen-harmony
edam:data_2660,BioNumbers ID,EnumEDAMDataTypes,,,data_2660,BioNumbers ID,http://edamontology.org/,LinkML gen-harmony
edam:data_2662,T3DB ID,EnumEDAMDataTypes,,,data_2662,T3DB ID,http://edamontology.org/,LinkML gen-harmony
edam:data_2663,Carbohydrate identifier,EnumEDAMDataTypes,,,data_2663,Carbohydrate identifier,http://edamontology.org/,LinkML gen-harmony
edam:data_2664,GlycomeDB ID,EnumEDAMDataTypes,,,data_2664,GlycomeDB ID,http://edamontology.org/,LinkML gen-harmony
edam:data_2665,LipidBank ID,EnumEDAMDataTypes,,,data_2665,LipidBank ID,http://edamontology.org/,LinkML gen-harmony
edam:data_2666,CDD ID,EnumEDAMDataTypes,,,data_2666,CDD ID,http://edamontology.org/,LinkML gen-harmony
edam:data_2667,MMDB ID,EnumEDAMDataTypes,,,data_2667,MMDB ID,http://edamontology.org/,LinkML gen-harmony
edam:data_2668,iRefIndex ID,EnumEDAMDataTypes,,,data_2668,iRefIndex ID,http://edamontology.org/,LinkML gen-harmony
edam:data_2669,ModelDB ID,EnumEDAMDataTypes,,,data_2669,ModelDB ID,http://edamontology.org/,LinkML gen-harmony
edam:data_2670,Pathway ID (DQCS),EnumEDAMDataTypes,,,data_2670,Pathway ID (DQCS),http://edamontology.org/,LinkML gen-harmony
edam:data_2700,CATH identifier,EnumEDAMDataTypes,,,data_2700,CATH identifier,http://edamontology.org/,LinkML gen-harmony
edam:data_2701,CATH node ID (family),EnumEDAMDataTypes,,,data_2701,CATH node ID (family),http://edamontology.org/,LinkML gen-harmony
edam:data_2702,Enzyme ID (CAZy),EnumEDAMDataTypes,,,data_2702,Enzyme ID (CAZy),http://edamontology.org/,LinkML gen-harmony
edam:data_2704,Clone ID (IMAGE),EnumEDAMDataTypes,,,data_2704,Clone ID (IMAGE),http://edamontology.org/,LinkML gen-harmony
edam:data_2705,GO concept ID (cellular component),EnumEDAMDataTypes,,,data_2705,GO concept ID (cellular component),http://edamontology.org/,LinkML gen-harmony
edam:data_2706,Chromosome name (BioCyc),EnumEDAMDataTypes,,,data_2706,Chromosome name (BioCyc),http://edamontology.org/,LinkML gen-harmony
edam:data_2709,CleanEx entry name,EnumEDAMDataTypes,,,data_2709,CleanEx entry name,http://edamontology.org/,LinkML gen-harmony
edam:data_2710,CleanEx dataset code,EnumEDAMDataTypes,,,data_2710,CleanEx dataset code,http://edamontology.org/,LinkML gen-harmony
edam:data_2711,Genome report,EnumEDAMDataTypes,,,data_2711,Genome report,http://edamontology.org/,LinkML gen-harmony
edam:data_2713,Protein ID (CORUM),EnumEDAMDataTypes,,,data_2713,Protein ID (CORUM),http://edamontology.org/,LinkML gen-harmony
edam:data_2714,CDD PSSM-ID,EnumEDAMDataTypes,,,data_2714,CDD PSSM-ID,http://edamontology.org/,LinkML gen-harmony
edam:data_2715,Protein ID (CuticleDB),EnumEDAMDataTypes,,,data_2715,Protein ID (CuticleDB),http://edamontology.org/,LinkML gen-harmony
edam:data_2716,DBD ID,EnumEDAMDataTypes,,,data_2716,DBD ID,http://edamontology.org/,LinkML gen-harmony
edam:data_2717,Oligonucleotide probe annotation,EnumEDAMDataTypes,,,data_2717,Oligonucleotide probe annotation,http://edamontology.org/,LinkML gen-harmony
edam:data_2718,Oligonucleotide ID,EnumEDAMDataTypes,,,data_2718,Oligonucleotide ID,http://edamontology.org/,LinkML gen-harmony
edam:data_2719,dbProbe ID,EnumEDAMDataTypes,,,data_2719,dbProbe ID,http://edamontology.org/,LinkML gen-harmony
edam:data_2720,Dinucleotide property,EnumEDAMDataTypes,,,data_2720,Dinucleotide property,http://edamontology.org/,LinkML gen-harmony
edam:data_2721,DiProDB ID,EnumEDAMDataTypes,,,data_2721,DiProDB ID,http://edamontology.org/,LinkML gen-harmony
edam:data_2723,Protein ID (DisProt),EnumEDAMDataTypes,,,data_2723,Protein ID (DisProt),http://edamontology.org/,LinkML gen-harmony
edam:data_2725,Ensembl transcript ID,EnumEDAMDataTypes,,,data_2725,Ensembl transcript ID,http://edamontology.org/,LinkML gen-harmony
edam:data_2727,Promoter ID,EnumEDAMDataTypes,,,data_2727,Promoter ID,http://edamontology.org/,LinkML gen-harmony
edam:data_2728,EST accession,EnumEDAMDataTypes,,,data_2728,EST accession,http://edamontology.org/,LinkML gen-harmony
edam:data_2729,COGEME EST ID,EnumEDAMDataTypes,,,data_2729,COGEME EST ID,http://edamontology.org/,LinkML gen-harmony
edam:data_2730,COGEME unisequence ID,EnumEDAMDataTypes,,,data_2730,COGEME unisequence ID,http://edamontology.org/,LinkML gen-harmony
edam:data_2731,Protein family ID (GeneFarm),EnumEDAMDataTypes,,,data_2731,Protein family ID (GeneFarm),http://edamontology.org/,LinkML gen-harmony
edam:data_2732,Family name,EnumEDAMDataTypes,,,data_2732,Family name,http://edamontology.org/,LinkML gen-harmony
edam:data_2736,Sequence feature ID (SwissRegulon),EnumEDAMDataTypes,,,data_2736,Sequence feature ID (SwissRegulon),http://edamontology.org/,LinkML gen-harmony
edam:data_2737,FIG ID,EnumEDAMDataTypes,,,data_2737,FIG ID,http://edamontology.org/,LinkML gen-harmony
edam:data_2738,Gene ID (Xenbase),EnumEDAMDataTypes,,,data_2738,Gene ID (Xenbase),http://edamontology.org/,LinkML gen-harmony
edam:data_2739,Gene ID (Genolist),EnumEDAMDataTypes,,,data_2739,Gene ID (Genolist),http://edamontology.org/,LinkML gen-harmony
edam:data_2741,ABS ID,EnumEDAMDataTypes,,,data_2741,ABS ID,http://edamontology.org/,LinkML gen-harmony
edam:data_2742,AraC-XylS ID,EnumEDAMDataTypes,,,data_2742,AraC-XylS ID,http://edamontology.org/,LinkML gen-harmony
edam:data_2744,Locus ID (PseudoCAP),EnumEDAMDataTypes,,,data_2744,Locus ID (PseudoCAP),http://edamontology.org/,LinkML gen-harmony
edam:data_2745,Locus ID (UTR),EnumEDAMDataTypes,,,data_2745,Locus ID (UTR),http://edamontology.org/,LinkML gen-harmony
edam:data_2746,MonosaccharideDB ID,EnumEDAMDataTypes,,,data_2746,MonosaccharideDB ID,http://edamontology.org/,LinkML gen-harmony
edam:data_2749,Genome identifier,EnumEDAMDataTypes,,,data_2749,Genome identifier,http://edamontology.org/,LinkML gen-harmony
edam:data_2752,GlycoMap ID,EnumEDAMDataTypes,,,data_2752,GlycoMap ID,http://edamontology.org/,LinkML gen-harmony
edam:data_2753,Carbohydrate conformational map,EnumEDAMDataTypes,,,data_2753,Carbohydrate conformational map,http://edamontology.org/,LinkML gen-harmony
edam:data_2755,Transcription factor name,EnumEDAMDataTypes,,,data_2755,Transcription factor name,http://edamontology.org/,LinkML gen-harmony
edam:data_2756,TCID,EnumEDAMDataTypes,,,data_2756,TCID,http://edamontology.org/,LinkML gen-harmony
edam:data_2757,Pfam domain name,EnumEDAMDataTypes,,,data_2757,Pfam domain name,http://edamontology.org/,LinkML gen-harmony
edam:data_2758,Pfam clan ID,EnumEDAMDataTypes,,,data_2758,Pfam clan ID,http://edamontology.org/,LinkML gen-harmony
edam:data_2759,Gene ID (VectorBase),EnumEDAMDataTypes,,,data_2759,Gene ID (VectorBase),http://edamontology.org/,LinkML gen-harmony
edam:data_2761,UTRSite ID,EnumEDAMDataTypes,,,data_2761,UTRSite ID,http://edamontology.org/,LinkML gen-harmony
edam:data_2762,Sequence signature report,EnumEDAMDataTypes,,,data_2762,Sequence signature report,http://edamontology.org/,LinkML gen-harmony
edam:data_2764,Protein name (UniProt),EnumEDAMDataTypes,,,data_2764,Protein name (UniProt),http://edamontology.org/,LinkML gen-harmony
edam:data_2766,HAMAP ID,EnumEDAMDataTypes,,,data_2766,HAMAP ID,http://edamontology.org/,LinkML gen-harmony
edam:data_2769,Transcript ID,EnumEDAMDataTypes,,,data_2769,Transcript ID,http://edamontology.org/,LinkML gen-harmony
edam:data_2770,HIT ID,EnumEDAMDataTypes,,,data_2770,HIT ID,http://edamontology.org/,LinkML gen-harmony
edam:data_2771,HIX ID,EnumEDAMDataTypes,,,data_2771,HIX ID,http://edamontology.org/,LinkML gen-harmony
edam:data_2772,HPA antibody id,EnumEDAMDataTypes,,,data_2772,HPA antibody id,http://edamontology.org/,LinkML gen-harmony
edam:data_2773,IMGT/HLA ID,EnumEDAMDataTypes,,,data_2773,IMGT/HLA ID,http://edamontology.org/,LinkML gen-harmony
edam:data_2774,Gene ID (JCVI),EnumEDAMDataTypes,,,data_2774,Gene ID (JCVI),http://edamontology.org/,LinkML gen-harmony
edam:data_2775,Kinase name,EnumEDAMDataTypes,,,data_2775,Kinase name,http://edamontology.org/,LinkML gen-harmony
edam:data_2776,ConsensusPathDB entity ID,EnumEDAMDataTypes,,,data_2776,ConsensusPathDB entity ID,http://edamontology.org/,LinkML gen-harmony
edam:data_2777,ConsensusPathDB entity name,EnumEDAMDataTypes,,,data_2777,ConsensusPathDB entity name,http://edamontology.org/,LinkML gen-harmony
edam:data_2778,CCAP strain number,EnumEDAMDataTypes,,,data_2778,CCAP strain number,http://edamontology.org/,LinkML gen-harmony
edam:data_2779,Stock number,EnumEDAMDataTypes,,,data_2779,Stock number,http://edamontology.org/,LinkML gen-harmony
edam:data_2780,Stock number (TAIR),EnumEDAMDataTypes,,,data_2780,Stock number (TAIR),http://edamontology.org/,LinkML gen-harmony
edam:data_2781,REDIdb ID,EnumEDAMDataTypes,,,data_2781,REDIdb ID,http://edamontology.org/,LinkML gen-harmony
edam:data_2782,SMART domain name,EnumEDAMDataTypes,,,data_2782,SMART domain name,http://edamontology.org/,LinkML gen-harmony
edam:data_2783,Protein family ID (PANTHER),EnumEDAMDataTypes,,,data_2783,Protein family ID (PANTHER),http://edamontology.org/,LinkML gen-harmony
edam:data_2784,RNAVirusDB ID,EnumEDAMDataTypes,,,data_2784,RNAVirusDB ID,http://edamontology.org/,LinkML gen-harmony
edam:data_2785,Virus identifier,EnumEDAMDataTypes,,,data_2785,Virus identifier,http://edamontology.org/,LinkML gen-harmony
edam:data_2786,NCBI Genome Project ID,EnumEDAMDataTypes,,,data_2786,NCBI Genome Project ID,http://edamontology.org/,LinkML gen-harmony
edam:data_2787,NCBI genome accession,EnumEDAMDataTypes,,,data_2787,NCBI genome accession,http://edamontology.org/,LinkML gen-harmony
edam:data_2789,Protein ID (TopDB),EnumEDAMDataTypes,,,data_2789,Protein ID (TopDB),http://edamontology.org/,LinkML gen-harmony
edam:data_2790,Gel ID,EnumEDAMDataTypes,,,data_2790,Gel ID,http://edamontology.org/,LinkML gen-harmony
edam:data_2791,Reference map name (SWISS-2DPAGE),EnumEDAMDataTypes,,,data_2791,Reference map name (SWISS-2DPAGE),http://edamontology.org/,LinkML gen-harmony
edam:data_2792,Protein ID (PeroxiBase),EnumEDAMDataTypes,,,data_2792,Protein ID (PeroxiBase),http://edamontology.org/,LinkML gen-harmony
edam:data_2793,SISYPHUS ID,EnumEDAMDataTypes,,,data_2793,SISYPHUS ID,http://edamontology.org/,LinkML gen-harmony
edam:data_2794,ORF ID,EnumEDAMDataTypes,,,data_2794,ORF ID,http://edamontology.org/,LinkML gen-harmony
edam:data_2795,ORF identifier,EnumEDAMDataTypes,,,data_2795,ORF identifier,http://edamontology.org/,LinkML gen-harmony
edam:data_2796,LINUCS ID,EnumEDAMDataTypes,,,data_2796,LINUCS ID,http://edamontology.org/,LinkML gen-harmony
edam:data_2797,Protein ID (LGICdb),EnumEDAMDataTypes,,,data_2797,Protein ID (LGICdb),http://edamontology.org/,LinkML gen-harmony
edam:data_2798,MaizeDB ID,EnumEDAMDataTypes,,,data_2798,MaizeDB ID,http://edamontology.org/,LinkML gen-harmony
edam:data_2799,Gene ID (MfunGD),EnumEDAMDataTypes,,,data_2799,Gene ID (MfunGD),http://edamontology.org/,LinkML gen-harmony
edam:data_2800,Orpha number,EnumEDAMDataTypes,,,data_2800,Orpha number,http://edamontology.org/,LinkML gen-harmony
edam:data_2802,Protein ID (EcID),EnumEDAMDataTypes,,,data_2802,Protein ID (EcID),http://edamontology.org/,LinkML gen-harmony
edam:data_2803,Clone ID (RefSeq),EnumEDAMDataTypes,,,data_2803,Clone ID (RefSeq),http://edamontology.org/,LinkML gen-harmony
edam:data_2804,Protein ID (ConoServer),EnumEDAMDataTypes,,,data_2804,Protein ID (ConoServer),http://edamontology.org/,LinkML gen-harmony
edam:data_2805,GeneSNP ID,EnumEDAMDataTypes,,,data_2805,GeneSNP ID,http://edamontology.org/,LinkML gen-harmony
edam:data_2812,Lipid identifier,EnumEDAMDataTypes,,,data_2812,Lipid identifier,http://edamontology.org/,LinkML gen-harmony
edam:data_2835,Gene ID (VBASE2),EnumEDAMDataTypes,,,data_2835,Gene ID (VBASE2),http://edamontology.org/,LinkML gen-harmony
edam:data_2836,DPVweb ID,EnumEDAMDataTypes,,,data_2836,DPVweb ID,http://edamontology.org/,LinkML gen-harmony
edam:data_2837,Pathway ID (BioSystems),EnumEDAMDataTypes,,,data_2837,Pathway ID (BioSystems),http://edamontology.org/,LinkML gen-harmony
edam:data_2849,Abstract,EnumEDAMDataTypes,,,data_2849,Abstract,http://edamontology.org/,LinkML gen-harmony
edam:data_2850,Lipid structure,EnumEDAMDataTypes,,,data_2850,Lipid structure,http://edamontology.org/,LinkML gen-harmony
edam:data_2851,Drug structure,EnumEDAMDataTypes,,,data_2851,Drug structure,http://edamontology.org/,LinkML gen-harmony
edam:data_2852,Toxin structure,EnumEDAMDataTypes,,,data_2852,Toxin structure,http://edamontology.org/,LinkML gen-harmony
edam:data_2854,Position-specific scoring matrix,EnumEDAMDataTypes,,,data_2854,Position-specific scoring matrix,http://edamontology.org/,LinkML gen-harmony
edam:data_2855,Distance matrix,EnumEDAMDataTypes,,,data_2855,Distance matrix,http://edamontology.org/,LinkML gen-harmony
edam:data_2856,Structural distance matrix,EnumEDAMDataTypes,,,data_2856,Structural distance matrix,http://edamontology.org/,LinkML gen-harmony
edam:data_2858,Ontology concept,EnumEDAMDataTypes,,,data_2858,Ontology concept,http://edamontology.org/,LinkML gen-harmony
edam:data_2865,Codon usage bias,EnumEDAMDataTypes,,,data_2865,Codon usage bias,http://edamontology.org/,LinkML gen-harmony
edam:data_2870,Radiation hybrid map,EnumEDAMDataTypes,,,data_2870,Radiation hybrid map,http://edamontology.org/,LinkML gen-harmony
edam:data_2872,ID list,EnumEDAMDataTypes,,,data_2872,ID list,http://edamontology.org/,LinkML gen-harmony
edam:data_2873,Phylogenetic gene frequencies data,EnumEDAMDataTypes,,,data_2873,Phylogenetic gene frequencies data,http://edamontology.org/,LinkML gen-harmony
edam:data_2877,Protein complex,EnumEDAMDataTypes,,,data_2877,Protein complex,http://edamontology.org/,LinkML gen-harmony
edam:data_2878,Protein structural motif,EnumEDAMDataTypes,,,data_2878,Protein structural motif,http://edamontology.org/,LinkML gen-harmony
edam:data_2879,Lipid report,EnumEDAMDataTypes,,,data_2879,Lipid report,http://edamontology.org/,LinkML gen-harmony
edam:data_2884,Plot,EnumEDAMDataTypes,,,data_2884,Plot,http://edamontology.org/,LinkML gen-harmony
edam:data_2886,Protein sequence record,EnumEDAMDataTypes,,,data_2886,Protein sequence record,http://edamontology.org/,LinkML gen-harmony
edam:data_2887,Nucleic acid sequence record,EnumEDAMDataTypes,,,data_2887,Nucleic acid sequence record,http://edamontology.org/,LinkML gen-harmony
edam:data_2891,Biological model accession,EnumEDAMDataTypes,,,data_2891,Biological model accession,http://edamontology.org/,LinkML gen-harmony
edam:data_2892,Cell type name,EnumEDAMDataTypes,,,data_2892,Cell type name,http://edamontology.org/,LinkML gen-harmony
edam:data_2893,Cell type accession,EnumEDAMDataTypes,,,data_2893,Cell type accession,http://edamontology.org/,LinkML gen-harmony
edam:data_2894,Compound accession,EnumEDAMDataTypes,,,data_2894,Compound accession,http://edamontology.org/,LinkML gen-harmony
edam:data_2895,Drug accession,EnumEDAMDataTypes,,,data_2895,Drug accession,http://edamontology.org/,LinkML gen-harmony
edam:data_2896,Toxin name,EnumEDAMDataTypes,,,data_2896,Toxin name,http://edamontology.org/,LinkML gen-harmony
edam:data_2897,Toxin accession,EnumEDAMDataTypes,,,data_2897,Toxin accession,http://edamontology.org/,LinkML gen-harmony
edam:data_2898,Monosaccharide accession,EnumEDAMDataTypes,,,data_2898,Monosaccharide accession,http://edamontology.org/,LinkML gen-harmony
edam:data_2899,Drug name,EnumEDAMDataTypes,,,data_2899,Drug name,http://edamontology.org/,LinkML gen-harmony
edam:data_2900,Carbohydrate accession,EnumEDAMDataTypes,,,data_2900,Carbohydrate accession,http://edamontology.org/,LinkML gen-harmony
edam:data_2901,Molecule accession,EnumEDAMDataTypes,,,data_2901,Molecule accession,http://edamontology.org/,LinkML gen-harmony
edam:data_2902,Data resource definition accession,EnumEDAMDataTypes,,,data_2902,Data resource definition accession,http://edamontology.org/,LinkML gen-harmony
edam:data_2903,Genome accession,EnumEDAMDataTypes,,,data_2903,Genome accession,http://edamontology.org/,LinkML gen-harmony
edam:data_2904,Map accession,EnumEDAMDataTypes,,,data_2904,Map accession,http://edamontology.org/,LinkML gen-harmony
edam:data_2905,Lipid accession,EnumEDAMDataTypes,,,data_2905,Lipid accession,http://edamontology.org/,LinkML gen-harmony
edam:data_2906,Peptide ID,EnumEDAMDataTypes,,,data_2906,Peptide ID,http://edamontology.org/,LinkML gen-harmony
edam:data_2907,Protein accession,EnumEDAMDataTypes,,,data_2907,Protein accession,http://edamontology.org/,LinkML gen-harmony
edam:data_2908,Organism accession,EnumEDAMDataTypes,,,data_2908,Organism accession,http://edamontology.org/,LinkML gen-harmony
edam:data_2909,Organism name,EnumEDAMDataTypes,,,data_2909,Organism name,http://edamontology.org/,LinkML gen-harmony
edam:data_2910,Protein family accession,EnumEDAMDataTypes,,,data_2910,Protein family accession,http://edamontology.org/,LinkML gen-harmony
edam:data_2911,Transcription factor accession,EnumEDAMDataTypes,,,data_2911,Transcription factor accession,http://edamontology.org/,LinkML gen-harmony
edam:data_2912,Strain accession,EnumEDAMDataTypes,,,data_2912,Strain accession,http://edamontology.org/,LinkML gen-harmony
edam:data_2914,Sequence features metadata,EnumEDAMDataTypes,,,data_2914,Sequence features metadata,http://edamontology.org/,LinkML gen-harmony
edam:data_2915,Gramene identifier,EnumEDAMDataTypes,,,data_2915,Gramene identifier,http://edamontology.org/,LinkML gen-harmony
edam:data_2916,DDBJ accession,EnumEDAMDataTypes,,,data_2916,DDBJ accession,http://edamontology.org/,LinkML gen-harmony
edam:data_2917,ConsensusPathDB identifier,EnumEDAMDataTypes,,,data_2917,ConsensusPathDB identifier,http://edamontology.org/,LinkML gen-harmony
edam:data_2955,Sequence report,EnumEDAMDataTypes,,,data_2955,Sequence report,http://edamontology.org/,LinkML gen-harmony
edam:data_2956,Protein secondary structure,EnumEDAMDataTypes,,,data_2956,Protein secondary structure,http://edamontology.org/,LinkML gen-harmony
edam:data_2957,Hopp and Woods plot,EnumEDAMDataTypes,,,data_2957,Hopp and Woods plot,http://edamontology.org/,LinkML gen-harmony
edam:data_2968,Image,EnumEDAMDataTypes,,,data_2968,Image,http://edamontology.org/,LinkML gen-harmony
edam:data_2969,Sequence image,EnumEDAMDataTypes,,,data_2969,Sequence image,http://edamontology.org/,LinkML gen-harmony
edam:data_2970,Protein hydropathy data,EnumEDAMDataTypes,,,data_2970,Protein hydropathy data,http://edamontology.org/,LinkML gen-harmony
edam:data_2976,Protein sequence,EnumEDAMDataTypes,,,data_2976,Protein sequence,http://edamontology.org/,LinkML gen-harmony
edam:data_2977,Nucleic acid sequence,EnumEDAMDataTypes,,,data_2977,Nucleic acid sequence,http://edamontology.org/,LinkML gen-harmony
edam:data_2978,Reaction data,EnumEDAMDataTypes,,,data_2978,Reaction data,http://edamontology.org/,LinkML gen-harmony
edam:data_2979,Peptide property,EnumEDAMDataTypes,,,data_2979,Peptide property,http://edamontology.org/,LinkML gen-harmony
edam:data_2984,Pathway or network report,EnumEDAMDataTypes,,,data_2984,Pathway or network report,http://edamontology.org/,LinkML gen-harmony
edam:data_2985,Nucleic acid thermodynamic data,EnumEDAMDataTypes,,,data_2985,Nucleic acid thermodynamic data,http://edamontology.org/,LinkML gen-harmony
edam:data_2991,Protein geometry data,EnumEDAMDataTypes,,,data_2991,Protein geometry data,http://edamontology.org/,LinkML gen-harmony
edam:data_2992,Protein structure image,EnumEDAMDataTypes,,,data_2992,Protein structure image,http://edamontology.org/,LinkML gen-harmony
edam:data_2994,Phylogenetic character weights,EnumEDAMDataTypes,,,data_2994,Phylogenetic character weights,http://edamontology.org/,LinkML gen-harmony
edam:data_3002,Annotation track,EnumEDAMDataTypes,,,data_3002,Annotation track,http://edamontology.org/,LinkML gen-harmony
edam:data_3021,UniProt accession,EnumEDAMDataTypes,,,data_3021,UniProt accession,http://edamontology.org/,LinkML gen-harmony
edam:data_3022,NCBI genetic code ID,EnumEDAMDataTypes,,,data_3022,NCBI genetic code ID,http://edamontology.org/,LinkML gen-harmony
edam:data_3025,Ontology concept identifier,EnumEDAMDataTypes,,,data_3025,Ontology concept identifier,http://edamontology.org/,LinkML gen-harmony
edam:data_3028,Taxonomy,EnumEDAMDataTypes,,,data_3028,Taxonomy,http://edamontology.org/,LinkML gen-harmony
edam:data_3029,Protein ID (EMBL/GenBank/DDBJ),EnumEDAMDataTypes,,,data_3029,Protein ID (EMBL/GenBank/DDBJ),http://edamontology.org/,LinkML gen-harmony
edam:data_3034,Sequence feature identifier,EnumEDAMDataTypes,,,data_3034,Sequence feature identifier,http://edamontology.org/,LinkML gen-harmony
edam:data_3035,Structure identifier,EnumEDAMDataTypes,,,data_3035,Structure identifier,http://edamontology.org/,LinkML gen-harmony
edam:data_3036,Matrix identifier,EnumEDAMDataTypes,,,data_3036,Matrix identifier,http://edamontology.org/,LinkML gen-harmony
edam:data_3103,ATC code,EnumEDAMDataTypes,,,data_3103,ATC code,http://edamontology.org/,LinkML gen-harmony
edam:data_3104,UNII,EnumEDAMDataTypes,,,data_3104,UNII,http://edamontology.org/,LinkML gen-harmony
edam:data_3106,System metadata,EnumEDAMDataTypes,,,data_3106,System metadata,http://edamontology.org/,LinkML gen-harmony
edam:data_3108,Experimental measurement,EnumEDAMDataTypes,,,data_3108,Experimental measurement,http://edamontology.org/,LinkML gen-harmony
edam:data_3110,Raw microarray data,EnumEDAMDataTypes,,,data_3110,Raw microarray data,http://edamontology.org/,LinkML gen-harmony
edam:data_3111,Processed microarray data,EnumEDAMDataTypes,,,data_3111,Processed microarray data,http://edamontology.org/,LinkML gen-harmony
edam:data_3112,Gene expression matrix,EnumEDAMDataTypes,,,data_3112,Gene expression matrix,http://edamontology.org/,LinkML gen-harmony
edam:data_3113,Sample annotation,EnumEDAMDataTypes,,,data_3113,Sample annotation,http://edamontology.org/,LinkML gen-harmony
edam:data_3115,Microarray metadata,EnumEDAMDataTypes,,,data_3115,Microarray metadata,http://edamontology.org/,LinkML gen-harmony
edam:data_3117,Microarray hybridisation data,EnumEDAMDataTypes,,,data_3117,Microarray hybridisation data,http://edamontology.org/,LinkML gen-harmony
edam:data_3128,Nucleic acid structure report,EnumEDAMDataTypes,,,data_3128,Nucleic acid structure report,http://edamontology.org/,LinkML gen-harmony
edam:data_3134,Gene transcript report,EnumEDAMDataTypes,,,data_3134,Gene transcript report,http://edamontology.org/,LinkML gen-harmony
edam:data_3148,Gene family report,EnumEDAMDataTypes,,,data_3148,Gene family report,http://edamontology.org/,LinkML gen-harmony
edam:data_3153,Protein image,EnumEDAMDataTypes,,,data_3153,Protein image,http://edamontology.org/,LinkML gen-harmony
edam:data_3181,Sequence assembly report,EnumEDAMDataTypes,,,data_3181,Sequence assembly report,http://edamontology.org/,LinkML gen-harmony
edam:data_3210,Genome index,EnumEDAMDataTypes,,,data_3210,Genome index,http://edamontology.org/,LinkML gen-harmony
edam:data_3236,Cytoband position,EnumEDAMDataTypes,,,data_3236,Cytoband position,http://edamontology.org/,LinkML gen-harmony
edam:data_3238,Cell type ontology ID,EnumEDAMDataTypes,,,data_3238,Cell type ontology ID,http://edamontology.org/,LinkML gen-harmony
edam:data_3241,Kinetic model,EnumEDAMDataTypes,,,data_3241,Kinetic model,http://edamontology.org/,LinkML gen-harmony
edam:data_3264,COSMIC ID,EnumEDAMDataTypes,,,data_3264,COSMIC ID,http://edamontology.org/,LinkML gen-harmony
edam:data_3265,HGMD ID,EnumEDAMDataTypes,,,data_3265,HGMD ID,http://edamontology.org/,LinkML gen-harmony
edam:data_3266,Sequence assembly ID,EnumEDAMDataTypes,,,data_3266,Sequence assembly ID,http://edamontology.org/,LinkML gen-harmony
edam:data_3270,Ensembl gene tree ID,EnumEDAMDataTypes,,,data_3270,Ensembl gene tree ID,http://edamontology.org/,LinkML gen-harmony
edam:data_3271,Gene tree,EnumEDAMDataTypes,,,data_3271,Gene tree,http://edamontology.org/,LinkML gen-harmony
edam:data_3272,Species tree,EnumEDAMDataTypes,,,data_3272,Species tree,http://edamontology.org/,LinkML gen-harmony
edam:data_3273,Sample ID,EnumEDAMDataTypes,,,data_3273,Sample ID,http://edamontology.org/,LinkML gen-harmony
edam:data_3274,MGI accession,EnumEDAMDataTypes,,,data_3274,MGI accession,http://edamontology.org/,LinkML gen-harmony
edam:data_3275,Phenotype name,EnumEDAMDataTypes,,,data_3275,Phenotype name,http://edamontology.org/,LinkML gen-harmony
edam:data_3354,Transition matrix,EnumEDAMDataTypes,,,data_3354,Transition matrix,http://edamontology.org/,LinkML gen-harmony
edam:data_3355,Emission matrix,EnumEDAMDataTypes,,,data_3355,Emission matrix,http://edamontology.org/,LinkML gen-harmony
edam:data_3358,Format identifier,EnumEDAMDataTypes,,,data_3358,Format identifier,http://edamontology.org/,LinkML gen-harmony
edam:data_3424,Raw image,EnumEDAMDataTypes,,,data_3424,Raw image,http://edamontology.org/,LinkML gen-harmony
edam:data_3425,Carbohydrate property,EnumEDAMDataTypes,,,data_3425,Carbohydrate property,http://edamontology.org/,LinkML gen-harmony
edam:data_3442,MRI image,EnumEDAMDataTypes,,,data_3442,MRI image,http://edamontology.org/,LinkML gen-harmony
edam:data_3449,Cell migration track image,EnumEDAMDataTypes,,,data_3449,Cell migration track image,http://edamontology.org/,LinkML gen-harmony
edam:data_3451,Rate of association,EnumEDAMDataTypes,,,data_3451,Rate of association,http://edamontology.org/,LinkML gen-harmony
edam:data_3479,Gene order,EnumEDAMDataTypes,,,data_3479,Gene order,http://edamontology.org/,LinkML gen-harmony
edam:data_3483,Spectrum,EnumEDAMDataTypes,,,data_3483,Spectrum,http://edamontology.org/,LinkML gen-harmony
edam:data_3488,NMR spectrum,EnumEDAMDataTypes,,,data_3488,NMR spectrum,http://edamontology.org/,LinkML gen-harmony
edam:data_3492,Nucleic acid signature,EnumEDAMDataTypes,,,data_3492,Nucleic acid signature,http://edamontology.org/,LinkML gen-harmony
edam:data_3494,DNA sequence,EnumEDAMDataTypes,,,data_3494,DNA sequence,http://edamontology.org/,LinkML gen-harmony
edam:data_3495,RNA sequence,EnumEDAMDataTypes,,,data_3495,RNA sequence,http://edamontology.org/,LinkML gen-harmony
edam:data_3498,Sequence variations,EnumEDAMDataTypes,,,data_3498,Sequence variations,http://edamontology.org/,LinkML gen-harmony
edam:data_3505,Bibliography,EnumEDAMDataTypes,,,data_3505,Bibliography,http://edamontology.org/,LinkML gen-harmony
edam:data_3509,Ontology mapping,EnumEDAMDataTypes,,,data_3509,Ontology mapping,http://edamontology.org/,LinkML gen-harmony
edam:data_3546,Image metadata,EnumEDAMDataTypes,,,data_3546,Image metadata,http://edamontology.org/,LinkML gen-harmony
edam:data_3558,Clinical trial report,EnumEDAMDataTypes,,,data_3558,Clinical trial report,http://edamontology.org/,LinkML gen-harmony
edam:data_3567,Reference sample report,EnumEDAMDataTypes,,,data_3567,Reference sample report,http://edamontology.org/,LinkML gen-harmony
edam:data_3568,Gene Expression Atlas Experiment ID,EnumEDAMDataTypes,,,data_3568,Gene Expression Atlas Experiment ID,http://edamontology.org/,LinkML gen-harmony
edam:data_3667,Disease identifier,EnumEDAMDataTypes,,,data_3667,Disease identifier,http://edamontology.org/,LinkML gen-harmony
edam:data_3668,Disease name,EnumEDAMDataTypes,,,data_3668,Disease name,http://edamontology.org/,LinkML gen-harmony
edam:data_3669,Learning material,EnumEDAMDataTypes,,,data_3669,Learning material,http://edamontology.org/,LinkML gen-harmony
edam:data_3670,Online course,EnumEDAMDataTypes,,,data_3670,Online course,http://edamontology.org/,LinkML gen-harmony
edam:data_3671,Text,EnumEDAMDataTypes,,,data_3671,Text,http://edamontology.org/,LinkML gen-harmony
edam:data_3707,Biodiversity data,EnumEDAMDataTypes,,,data_3707,Biodiversity data,http://edamontology.org/,LinkML gen-harmony
edam:data_3716,Biosafety report,EnumEDAMDataTypes,,,data_3716,Biosafety report,http://edamontology.org/,LinkML gen-harmony
edam:data_3717,Isolation report,EnumEDAMDataTypes,,,data_3717,Isolation report,http://edamontology.org/,LinkML gen-harmony
edam:data_3718,Pathogenicity report,EnumEDAMDataTypes,,,data_3718,Pathogenicity report,http://edamontology.org/,LinkML gen-harmony
edam:data_3719,Biosafety classification,EnumEDAMDataTypes,,,data_3719,Biosafety classification,http://edamontology.org/,LinkML gen-harmony
edam:data_3720,Geographic location,EnumEDAMDataTypes,,,data_3720,Geographic location,http://edamontology.org/,LinkML gen-harmony
edam:data_3721,Isolation source,EnumEDAMDataTypes,,,data_3721,Isolation source,http://edamontology.org/,LinkML gen-harmony
edam:data_3722,Physiology parameter,EnumEDAMDataTypes,,,data_3722,Physiology parameter,http://edamontology.org/,LinkML gen-harmony
edam:data_3723,Morphology parameter,EnumEDAMDataTypes,,,data_3723,Morphology parameter,http://edamontology.org/,LinkML gen-harmony
edam:data_3724,Cultivation parameter,EnumEDAMDataTypes,,,data_3724,Cultivation parameter,http://edamontology.org/,LinkML gen-harmony
edam:data_3732,Sequencing metadata name,EnumEDAMDataTypes,,,data_3732,Sequencing metadata name,http://edamontology.org/,LinkML gen-harmony
edam:data_3733,Flow cell identifier,EnumEDAMDataTypes,,,data_3733,Flow cell identifier,http://edamontology.org/,LinkML gen-harmony
edam:data_3734,Lane identifier,EnumEDAMDataTypes,,,data_3734,Lane identifier,http://edamontology.org/,LinkML gen-harmony
edam:data_3735,Run number,EnumEDAMDataTypes,,,data_3735,Run number,http://edamontology.org/,LinkML gen-harmony
edam:data_3736,Ecological data,EnumEDAMDataTypes,,,data_3736,Ecological data,http://edamontology.org/,LinkML gen-harmony
edam:data_3737,Alpha diversity data,EnumEDAMDataTypes,,,data_3737,Alpha diversity data,http://edamontology.org/,LinkML gen-harmony
edam:data_3738,Beta diversity data,EnumEDAMDataTypes,,,data_3738,Beta diversity data,http://edamontology.org/,LinkML gen-harmony
edam:data_3739,Gamma diversity data,EnumEDAMDataTypes,,,data_3739,Gamma diversity data,http://edamontology.org/,LinkML gen-harmony
edam:data_3743,Ordination plot,EnumEDAMDataTypes,,,data_3743,Ordination plot,http://edamontology.org/,LinkML gen-harmony
edam:data_3753,Over-representation data,EnumEDAMDataTypes,,,data_3753,Over-representation data,http://edamontology.org/,LinkML gen-harmony
edam:data_3754,GO-term enrichment data,EnumEDAMDataTypes,,,data_3754,GO-term enrichment data,http://edamontology.org/,LinkML gen-harmony
edam:data_3756,Localisation score,EnumEDAMDataTypes,,,data_3756,Localisation score,http://edamontology.org/,LinkML gen-harmony
edam:data_3757,Unimod ID,EnumEDAMDataTypes,,,data_3757,Unimod ID,http://edamontology.org/,LinkML gen-harmony
edam:data_3759,ProteomeXchange ID,EnumEDAMDataTypes,,,data_3759,ProteomeXchange ID,http://edamontology.org/,LinkML gen-harmony
edam:data_3768,Clustered expression profiles,EnumEDAMDataTypes,,,data_3768,Clustered expression profiles,http://edamontology.org/,LinkML gen-harmony
edam:data_3769,BRENDA ontology concept ID,EnumEDAMDataTypes,,,data_3769,BRENDA ontology concept ID,http://edamontology.org/,LinkML gen-harmony
edam:data_3779,Annotated text,EnumEDAMDataTypes,,,data_3779,Annotated text,http://edamontology.org/,LinkML gen-harmony
edam:data_3786,Query script,EnumEDAMDataTypes,,,data_3786,Query script,http://edamontology.org/,LinkML gen-harmony
edam:data_3805,3D EM Map,EnumEDAMDataTypes,,,data_3805,3D EM Map,http://edamontology.org/,LinkML gen-harmony
edam:data_3806,3D EM Mask,EnumEDAMDataTypes,,,data_3806,3D EM Mask,http://edamontology.org/,LinkML gen-harmony
edam:data_3807,EM Movie,EnumEDAMDataTypes,,,data_3807,EM Movie,http://edamontology.org/,LinkML gen-harmony
edam:data_3808,EM Micrograph,EnumEDAMDataTypes,,,data_3808,EM Micrograph,http://edamontology.org/,LinkML gen-harmony
edam:data_3842,Molecular simulation data,EnumEDAMDataTypes,,,data_3842,Molecular simulation data,http://edamontology.org/,LinkML gen-harmony
edam:data_3856,RNA central ID,EnumEDAMDataTypes,,,data_3856,RNA central ID,http://edamontology.org/,LinkML gen-harmony
edam:data_3861,Electronic health record,EnumEDAMDataTypes,,,data_3861,Electronic health record,http://edamontology.org/,LinkML gen-harmony
edam:data_3869,Simulation,EnumEDAMDataTypes,,,data_3869,Simulation,http://edamontology.org/,LinkML gen-harmony
edam:data_3870,Trajectory data,EnumEDAMDataTypes,,,data_3870,Trajectory data,http://edamontology.org/,LinkML gen-harmony
edam:data_3871,Forcefield parameters,EnumEDAMDataTypes,,,data_3871,Forcefield parameters,http://edamontology.org/,LinkML gen-harmony
edam:data_3872,Topology data,EnumEDAMDataTypes,,,data_3872,Topology data,http://edamontology.org/,LinkML gen-harmony
edam:data_3905,Histogram,EnumEDAMDataTypes,,,data_3905,Histogram,http://edamontology.org/,LinkML gen-harmony
edam:data_3914,Quality control report,EnumEDAMDataTypes,,,data_3914,Quality control report,http://edamontology.org/,LinkML gen-harmony
edam:data_3917,Count matrix,EnumEDAMDataTypes,,,data_3917,Count matrix,http://edamontology.org/,LinkML gen-harmony
edam:data_3924,DNA structure alignment,EnumEDAMDataTypes,,,data_3924,DNA structure alignment,http://edamontology.org/,LinkML gen-harmony
edam:data_3932,Q-value,EnumEDAMDataTypes,,,data_3932,Q-value,http://edamontology.org/,LinkML gen-harmony
edam:data_3949,Profile HMM,EnumEDAMDataTypes,,,data_3949,Profile HMM,http://edamontology.org/,LinkML gen-harmony
edam:data_3952,Pathway ID (WikiPathways),EnumEDAMDataTypes,,,data_3952,Pathway ID (WikiPathways),http://edamontology.org/,LinkML gen-harmony
edam:data_3953,Pathway overrepresentation data,EnumEDAMDataTypes,,,data_3953,Pathway overrepresentation data,http://edamontology.org/,LinkML gen-harmony
edam:data_4022,ORCID Identifier,EnumEDAMDataTypes,,,data_4022,ORCID Identifier,http://edamontology.org/,LinkML gen-harmony
edam:data_4040,Data management plan,EnumEDAMDataTypes,,,data_4040,Data management plan,http://edamontology.org/,LinkML gen-harmony
female,Female,EnumSex,Demographics,sex,C16576,Female,http://purl.obolibrary.org/obo/NCIT_,LinkML gen-harmony
female,Female,EnumSex,IncludeParticipant,sex,C16576,Female,http://purl.obolibrary.org/obo/NCIT_,LinkML gen-harmony
male,Male,EnumSex,Demographics,sex,C20197,Male,http://purl.obolibrary.org/obo/NCIT_,LinkML gen-harmony
male,Male,EnumSex,IncludeParticipant,sex,C20197,Male,http://purl.obolibrary.org/obo/NCIT_,LinkML gen-harmony
other,Other,EnumSex,Demographics,sex,C17649,Other,http://purl.obolibrary.org/obo/NCIT_,LinkML gen-harmony
other,Other,EnumSex,IncludeParticipant,sex,C17649,Other,http://purl.obolibrary.org/obo/NCIT_,LinkML gen-harmony
unknown,Unknown,EnumSex,Demographics,sex,C17998,Unknown,http://purl.obolibrary.org/obo/NCIT_,LinkML gen-harmony
unknown,Unknown,EnumSex,IncludeParticipant,sex,C17998,Unknown,http://purl.obolibrary.org/obo/NCIT_,LinkML gen-harmony
american_indian_or_alaska_native,American Indian or Alaska Native,EnumRace,Demographics,race,C41259,American Indian or Alaska Native,http://purl.obolibrary.org/obo/NCIT_,LinkML gen-harmony
american_indian_or_alaska_native,American Indian or Alaska Native,EnumRace,IncludeParticipant,race,C41259,American Indian or Alaska Native,http://purl.obolibrary.org/obo/NCIT_,LinkML gen-harmony
asian,Asian,EnumRace,Demographics,race,C41260,Asian,http://purl.obolibrary.org/obo/NCIT_,LinkML gen-harmony
asian,Asian,EnumRace,IncludeParticipant,race,C41260,Asian,http://purl.obolibrary.org/obo/NCIT_,LinkML gen-harmony
black_or_african_american,Black or African American,EnumRace,Demographics,race,C16352,Black or African American,http://purl.obolibrary.org/obo/NCIT_,LinkML gen-harmony
black_or_african_american,Black or African American,EnumRace,IncludeParticipant,race,C16352,Black or African American,http://purl.obolibrary.org/obo/NCIT_,LinkML gen-harmony
more_than_one_race,More than one race,EnumRace,Demographics,race,C67109,More than one race,http://purl.obolibrary.org/obo/NCIT_,LinkML gen-harmony
more_than_one_race,More than one race,EnumRace,IncludeParticipant,race,C67109,More than one race,http://purl.obolibrary.org/obo/NCIT_,LinkML gen-harmony
native_hawaiian_or_other_pacific_islander,Native Hawaiian or Other Pacific Islander,EnumRace,Demographics,race,C41219,Native Hawaiian or Other Pacific Islander,http://purl.obolibrary.org/obo/NCIT_,LinkML gen-harmony
native_hawaiian_or_other_pacific_islander,Native Hawaiian or Other Pacific Islander,EnumRace,IncludeParticipant,race,C41219,Native Hawaiian or Other Pacific Islander,http://purl.obolibrary.org/obo/NCIT_,LinkML gen-harmony
other,Other,EnumRace,Demographics,race,C17649,Other,http://purl.obolibrary.org/obo/NCIT_,LinkML gen-harmony
other,Other,EnumRace,IncludeParticipant,race,C17649,Other,http://purl.obolibrary.org/obo/NCIT_,LinkML gen-harmony
white,White,EnumRace,Demographics,race,C41261,White,http://purl.obolibrary.org/obo/NCIT_,LinkML gen-harmony
white,White,EnumRace,IncludeParticipant,race,C41261,White,http://purl.obolibrary.org/obo/NCIT_,LinkML gen-harmony
prefer_not_to_answer,Prefer not to answer,EnumRace,Demographics,race,C132222,Prefer not to answer,http://purl.obolibrary.org/obo/NCIT_,LinkML gen-harmony
prefer_not_to_answer,Prefer not to answer,EnumRace,IncludeParticipant,race,C132222,Prefer not to answer,http://purl.obolibrary.org/obo/NCIT_,LinkML gen-harmony
unknown,Unknown,EnumRace,Demographics,race,C17998,Unknown,http://purl.obolibrary.org/obo/NCIT_,LinkML gen-harmony
unknown,Unknown,EnumRace,IncludeParticipant,race,C17998,Unknown,http://purl.obolibrary.org/obo/NCIT_,LinkML gen-harmony
east_asian,East Asian,EnumRace,Demographics,race,C161419,East Asian,http://purl.obolibrary.org/obo/NCIT_,LinkML gen-harmony
east_asian,East Asian,EnumRace,IncludeParticipant,race,C161419,East Asian,http://purl.obolibrary.org/obo/NCIT_,LinkML gen-harmony
latin_american,Latin American,EnumRace,Demographics,race,C126531,Latin American,http://purl.obolibrary.org/obo/NCIT_,LinkML gen-harmony
latin_american,Latin American,EnumRace,IncludeParticipant,race,C126531,Latin American,http://purl.obolibrary.org/obo/NCIT_,LinkML gen-harmony
middle_eastern_or_north_african,Middle Eastern or North African,EnumRace,Demographics,race,C43866,Middle Eastern or North African,http://purl.obolibrary.org/obo/NCIT_,LinkML gen-harmony
middle_eastern_or_north_african,Middle Eastern or North African,EnumRace,IncludeParticipant,race,C43866,Middle Eastern or North African,http://purl.obolibrary.org/obo/NCIT_,LinkML gen-harmony
south_asian,South Asian,EnumRace,Demographics,race,C41263,South Asian,http://purl.obolibrary.org/obo/NCIT_,LinkML gen-harmony
south_asian,South Asian,EnumRace,IncludeParticipant,race,C41263,South Asian,http://purl.obolibrary.org/obo/NCIT_,LinkML gen-harmony
hispanic_or_latino,Hispanic or Latino,EnumEthnicity,Demographics,ethnicity,C17459,Hispanic or Latino,http://purl.obolibrary.org/obo/NCIT_,LinkML gen-harmony
hispanic_or_latino,Hispanic or Latino,EnumEthnicity,IncludeParticipant,ethnicity,C17459,Hispanic or Latino,http://purl.obolibrary.org/obo/NCIT_,LinkML gen-harmony
not_hispanic_or_latino,Not Hispanic or Latino,EnumEthnicity,Demographics,ethnicity,C41222,Not Hispanic or Latino,http://purl.obolibrary.org/obo/NCIT_,LinkML gen-harmony
not_hispanic_or_latino,Not Hispanic or Latino,EnumEthnicity,IncludeParticipant,ethnicity,C41222,Not Hispanic or Latino,http://purl.obolibrary.org/obo/NCIT_,LinkML gen-harmony
prefer_not_to_answer,Prefer not to answer,EnumEthnicity,Demographics,ethnicity,C132222,Prefer not to answer,http://purl.obolibrary.org/obo/NCIT_,LinkML gen-harmony
prefer_not_to_answer,Prefer not to answer,EnumEthnicity,IncludeParticipant,ethnicity,C132222,Prefer not to answer,http://purl.obolibrary.org/obo/NCIT_,LinkML gen-harmony
unknown,Unknown,EnumEthnicity,Demographics,ethnicity,C17998,Unknown,http://purl.obolibrary.org/obo/NCIT_,LinkML gen-harmony
unknown,Unknown,EnumEthnicity,IncludeParticipant,ethnicity,C17998,Unknown,http://purl.obolibrary.org/obo/NCIT_,LinkML gen-harmony
dead,Dead,EnumVitalStatus,Demographics,vital_status,C28554,Dead,http://purl.obolibrary.org/obo/NCIT_,LinkML gen-harmony
dead,Dead,EnumVitalStatus,IncludeParticipant,vital_status,C28554,Dead,http://purl.obolibrary.org/obo/NCIT_,LinkML gen-harmony
alive,Alive,EnumVitalStatus,Demographics,vital_status,C37987,Alive,http://purl.obolibrary.org/obo/NCIT_,LinkML gen-harmony
alive,Alive,EnumVitalStatus,IncludeParticipant,vital_status,C37987,Alive,http://purl.obolibrary.org/obo/NCIT_,LinkML gen-harmony
unknown,Unknown,EnumNull,,,C17998,Unknown,http://purl.obolibrary.org/obo/NCIT_,LinkML gen-harmony
not_suspected,not-suspected,EnumConsanguinityAssertion,Family,consanguinity,428263003,not-suspected,http://snomed.info/id/,LinkML gen-harmony
suspected,suspected,EnumConsanguinityAssertion,Family,consanguinity,415684004,suspected,http://snomed.info/id/,LinkML gen-harmony
known_present,known-present,EnumConsanguinityAssertion,Family,consanguinity,410515003,known-present,http://snomed.info/id/,LinkML gen-harmony
unknown,unknown,EnumConsanguinityAssertion,Family,consanguinity,261665006,unknown,http://snomed.info/id/,LinkML gen-harmony
available,Available,EnumAvailabilityStatus,Sample,availablity_status,available,Available,https://nih-ncpi.github.io/ncpi-fhir-ig-2/CodeSystem/biospecimen-availability/,LinkML gen-harmony
available,Available,EnumAvailabilityStatus,Aliquot,availablity_status,available,Available,https://nih-ncpi.github.io/ncpi-fhir-ig-2/CodeSystem/biospecimen-availability/,LinkML gen-harmony
unavailable,Unavailable,EnumAvailabilityStatus,Sample,availablity_status,unavailable,Unavailable,https://nih-ncpi.github.io/ncpi-fhir-ig-2/CodeSystem/biospecimen-availability/,LinkML gen-harmony
unavailable,Unavailable,EnumAvailabilityStatus,Aliquot,availablity_status,unavailable,Unavailable,https://nih-ncpi.github.io/ncpi-fhir-ig-2/CodeSystem/biospecimen-availability/,LinkML gen-harmony
d21,D21,EnumDownSyndromeStatus,IncludeParticipant,down_syndrome_status,0001393,D21,http://purl.obolibrary.org/obo/PATO_,LinkML gen-harmony
t21,T21,EnumDownSyndromeStatus,IncludeParticipant,down_syndrome_status,0008608,T21,http://purl.obolibrary.org/obo/MONDO_,LinkML gen-harmony
